================================================================
======== Log Rotated - 9/2/2026, 12:00:00 AM                    
================================================================
[     script:qbx_core] [qbx_core] [INFO] Boogi3 (Citizen ID: G0DW8P9N ID: 3) has successfully loaded!
[     script:qbx_core] [qbx_core] [INFO] Boogi3 (Citizen ID: G0DW8P9N ID: 4) has successfully loaded!
║             TXADMIN║ txaReportResources 
[      script:monitor] [txAdmin] Sending resources list to txAdmin.
║              boogi3║ time 12
║              boogi3║ car sultan
[    c-scripting-core] InvokeNative: execution failed: Argument at index 0 was null.
[     script:qbx_core] command 'car' failed to execute!
[     script:qbx_core] Native invocation failed.↩
║              boogi3║ admincustoms
No such command admincustoms.
║              boogi3║ admin'
[                 cmd] No such command admin'.
║              boogi3║ admin
[    c-scripting-core] InvokeNative: execution failed: Argument at index 0 was null.
[     script:qbx_core] SCRIPT ERROR: Native invocation failed.
[     script:qbx_core] > ref (@qbx_core/server/functions.lua:387)
[     script:qbx_core] > [global chunk] (@qbx_adminmenu/server/commands.lua:16)
[     script:qbx_core] > ref (@ox_lib/imports/addCommand/server.lua:138)
[script:qbx_adminmenu] command 'admin' failed to execute!
[script:qbx_adminmenu] @qbx_adminmenu/server/commands.lua:16: 
[script:qbx_adminmenu]  An error occurred while calling export `IsOptin` in resource `qbx_core`:
[script:qbx_adminmenu]   nil
[script:qbx_adminmenu]  ---↩
║             TXADMIN║ txaReportResources 
[txAdmin] Sending resources list to txAdmin.
[     script:qbx_core] [qbx_core] [INFO] Boogi3 has created a character (citizenid F3R57UFN)
[ citizen-server-impl] sync thread hitch warning: timer interval of 102 milliseconds
[ citizen-server-impl] sync thread hitch warning: timer interval of 103 milliseconds
[ citizen-server-impl] server thread hitch warning: timer interval of 163 milliseconds
[ citizen-server-impl] sync thread hitch warning: timer interval of 102 milliseconds
[ citizen-server-impl] sync thread hitch warning: timer interval of 105 milliseconds
[ citizen-server-impl] sync thread hitch warning: timer interval of 108 milliseconds
[ citizen-server-impl] sync thread hitch warning: timer interval of 106 milliseconds
[ citizen-server-impl] sync thread hitch warning: timer interval of 101 milliseconds
[ citizen-server-impl] sync thread hitch warning: timer interval of 111 milliseconds
[ citizen-server-impl] sync thread hitch warning: timer interval of 104 milliseconds
[ citizen-server-impl] sync thread hitch warning: timer interval of 119 milliseconds
[ citizen-server-impl] sync thread hitch warning: timer interval of 108 milliseconds
[ citizen-server-impl] sync thread hitch warning: timer interval of 103 milliseconds
[ citizen-server-impl] sync thread hitch warning: timer interval of 127 milliseconds
[ citizen-server-impl] sync thread hitch warning: timer interval of 136 milliseconds
[ citizen-server-impl] sync thread hitch warning: timer interval of 126 milliseconds
[ citizen-server-impl] sync thread hitch warning: timer interval of 132 milliseconds
[ citizen-server-impl] sync thread hitch warning: timer interval of 126 milliseconds
[ citizen-server-impl] sync thread hitch warning: timer interval of 113 milliseconds
[ citizen-server-impl] sync thread hitch warning: timer interval of 113 milliseconds
[ citizen-server-impl] sync thread hitch warning: timer interval of 104 milliseconds
[ citizen-server-impl] sync thread hitch warning: timer interval of 103 milliseconds
[ citizen-server-impl] server thread hitch warning: timer interval of 165 milliseconds
[ citizen-server-impl] server thread hitch warning: timer interval of 161 milliseconds
[ citizen-server-impl] server thread hitch warning: timer interval of 171 milliseconds
[ citizen-server-impl] server thread hitch warning: timer interval of 190 milliseconds
[ citizen-server-impl] server thread hitch warning: timer interval of 191 milliseconds
[ citizen-server-impl] sync thread hitch warning: timer interval of 123 milliseconds
[ citizen-server-impl] sync thread hitch warning: timer interval of 104 milliseconds
[ citizen-server-impl] sync thread hitch warning: timer interval of 116 milliseconds
[ citizen-server-impl] sync thread hitch warning: timer interval of 148 milliseconds
[ citizen-server-impl] sync thread hitch warning: timer interval of 142 milliseconds
[ citizen-server-impl] server thread hitch warning: timer interval of 189 milliseconds
║              boogi3║ giveitem 5 phone
║             TXADMIN║ txaReportResources 
[      script:monitor] [txAdmin] Sending resources list to txAdmin.
║             TXADMIN║ txaEvent "serverShuttingDown" "{\"delay\":5000,\"author\":\"crazy-fivem\",\"message\":\"Server restarting (admin request).\"}"
[     script:lb-phone] [LB Phone 2.8.3] [INFO]: Saving all settings
[      script:monitor] [txAdmin] Server shutting down. Kicking all players.

║             TXADMIN║ ================================================================
║             TXADMIN║ ======== [22848] FXServer Starting - 9/2/2026, 4:23:40 PM       
║             TXADMIN║ ================================================================
[                 cmd] Argument count mismatch (passed 1, wanted 2)
[           resources] Scanning resources.
[           resources] Found 194 resources.
[          svadhesive] Authenticating server license key...
[          svadhesive] Server license key authentication succeeded. Welcome!
[    c-scripting-core] Creating script environments for monitor
[      script:monitor] [txAdmin] Resource v8.1.1 threads and commands set up. All Ready.
[           resources] Started resource monitor
[                 cmd] Argument count mismatch (passed 1, wanted 2)
[    c-scripting-core] Creating script environments for mapmanager
[           resources] Started resource mapmanager
[    c-scripting-core] Creating script environments for chat
[           resources] Started resource chat
[           resources] Started resource spawnmanager
[    c-scripting-core] Creating script environments for sessionmanager
[           resources] Started resource sessionmanager
[    c-scripting-core] Creating script environments for hardcap
[           resources] Started resource hardcap
[    c-scripting-core] Creating script environments for baseevents
[           resources] Started resource baseevents
[    c-scripting-core] Creating script environments for ox_lib
[           resources] Started resource ox_lib
[    c-scripting-core] Creating script environments for oxmysql
[           resources] Started resource oxmysql
[    c-scripting-core] Creating script environments for qbx_core
[     script:qbx_core] [qbx_core] [INFO] Stopping hardcap...
[           resources] Stopping resource hardcap
[           resources] Started resource qbx_core
[    c-scripting-core] Creating script environments for illenium-appearance
[           resources] Started resource illenium-appearance
[    c-scripting-core] Creating script environments for crazy-multichar
[           resources] Started resource crazy-multichar
[    c-scripting-core] Creating script environments for ox_target
[           resources] Started resource ox_target
[    c-scripting-core] Creating script environments for jim_bridge
[   script:jim_bridge] Bridge: 'qbx_core' detected
[   script:jim_bridge] Bridge: 'ox_inventory' detected
[   script:jim_bridge] Bridge: 'qb-core' detected
[   script:jim_bridge] Bridge: 'ox_target' detected
[   script:jim_bridge] Bridge: 'ox_lib' detected
[resources:jim_bridge] Warning: could not find file `shared/auth/*.lua` (defined in fxmanifest.lua:10)
[resources:jim_bridge] Warning: could not find file `shared/modules/*.lua` (defined in fxmanifest.lua:10)
[resources:jim_bridge] Warning: could not find file `shared/wrappers/*.lua` (defined in fxmanifest.lua:10)
[           resources] Started resource jim_bridge (3 warnings)
[    c-scripting-core] Creating script environments for ox_doorlock
[           resources] Started resource ox_doorlock
[    c-scripting-core] Creating script environments for ox_inventory
[           resources] Started resource ox_inventory
[    c-scripting-core] Creating script environments for ox_fuel
[           resources] Started resource ox_fuel
[    c-scripting-core] Creating script environments for qbx_adminmenu
[           resources] Started resource qbx_adminmenu
[    c-scripting-core] Creating script environments for qbx_medical
[           resources] Started resource qbx_medical
[    c-scripting-core] Creating script environments for qbx_ambulancejob
[           resources] Started resource qbx_ambulancejob
[    c-scripting-core] Creating script environments for qbx_bankrobbery
[           resources] Started resource qbx_bankrobbery
[    c-scripting-core] Creating script environments for qbx_binoculars
[           resources] Started resource qbx_binoculars
[    c-scripting-core] Creating script environments for scully_emotemenu
[           resources] Started resource scully_emotemenu
[    c-scripting-core] Creating script environments for crazy-reputation
[           resources] Started resource crazy-reputation
[    c-scripting-core] Creating script environments for qbx_busjob
[           resources] Started resource qbx_busjob
[    c-scripting-core] Creating script environments for qbx_carwash
[           resources] Started resource qbx_carwash
[    c-scripting-core] Creating script environments for qbx_chat_theme
[           resources] Started resource qbx_chat_theme
[    c-scripting-core] Creating script environments for qbx_cityhall
[           resources] Started resource qbx_cityhall
[           resources] Started resource qbx_density
[    c-scripting-core] Creating script environments for qbx_divegear
[           resources] Started resource qbx_divegear
[    c-scripting-core] Creating script environments for qbx_diving
[           resources] Started resource qbx_diving
[    c-scripting-core] Creating script environments for qbx_drugs
[           resources] Started resource qbx_drugs
[    c-scripting-core] Creating script environments for qbx_fireworks
[           resources] Started resource qbx_fireworks
[    c-scripting-core] Creating script environments for qbx_garages
[           resources] Started resource qbx_garages
[    c-scripting-core] Creating script environments for qbx_garbagejob
[           resources] Started resource qbx_garbagejob
[    c-scripting-core] Creating script environments for qbx_houserobbery
[           resources] Started resource qbx_houserobbery
[           resources] Started resource MugShotBase64
[    c-scripting-core] Creating script environments for qbx_idcard
[           resources] Started resource qbx_idcard
[    c-scripting-core] Creating script environments for qbx_jewelery
[           resources] Started resource qbx_jewelery
[    c-scripting-core] Creating script environments for qbx_lapraces
[           resources] Started resource qbx_lapraces
[    c-scripting-core] Creating script environments for qbx_management
[           resources] Started resource qbx_management
[    c-scripting-core] Creating script environments for qbx_mechanicjob
[           resources] Started resource qbx_mechanicjob
[    c-scripting-core] Creating script environments for qbx_newsjob
[           resources] Started resource qbx_newsjob
[    c-scripting-core] Creating script environments for qbx_pawnshop
[           resources] Started resource qbx_pawnshop
[    c-scripting-core] Creating script environments for qbx_police
[           resources] Started resource qbx_police
[    c-scripting-core] Creating script environments for qbx_properties
[           resources] Started resource qbx_properties
[    c-scripting-core] Creating script environments for qbx_radialmenu
[           resources] Started resource qbx_radialmenu
[    c-scripting-core] Creating script environments for qbx_recyclejob
[           resources] Started resource qbx_recyclejob
[    c-scripting-core] Creating script environments for qbx_scoreboard
[           resources] Started resource qbx_scoreboard
[    c-scripting-core] Creating script environments for qbx_scrapyard
[           resources] Started resource qbx_scrapyard
[    c-scripting-core] Creating script environments for qbx_smallresources
[script:qbx_smallreso] [qbx_smallresources] [WARN] [qbx_entitiesblacklist] You have entity blacklist enabled, this means that any entity that is blacklisted in config.lua will not be able to spawn, you can change this in qbx_smallresource/qbx_entitiesblacklist/config.lua
[           resources] Started resource qbx_smallresources
[    c-scripting-core] Creating script environments for qbx_spawn
[           resources] Started resource qbx_spawn
[    c-scripting-core] Creating script environments for qbx_streetraces
[           resources] Started resource qbx_streetraces
[    c-scripting-core] Creating script environments for qbx_taxijob
[           resources] Started resource qbx_taxijob
[    c-scripting-core] Creating script environments for qbx_truckerjob
[           resources] Started resource qbx_truckerjob
[    c-scripting-core] Creating script environments for qbx_truckrobbery
[           resources] Started resource qbx_truckrobbery
[    c-scripting-core] Creating script environments for qbx_vehiclekeys
[           resources] Started resource qbx_vehiclekeys
[    c-scripting-core] Creating script environments for qbx_vehicles
[           resources] Started resource qbx_vehicles
[    c-scripting-core] Creating script environments for qbx_vehiclesales
[           resources] Started resource qbx_vehiclesales
[    c-scripting-core] Creating script environments for qbx_vehicleshop
[           resources] Started resource qbx_vehicleshop
[    c-scripting-core] Creating script environments for qbx_vineyard
[           resources] Started resource qbx_vineyard
[    c-scripting-core] Creating script environments for qbx_weed
[           resources] Started resource qbx_weed
[    c-scripting-core] Creating script environments for PolyZone
[           resources] Started resource PolyZone
[    c-scripting-core] Creating script environments for Renewed-Banking
[           resources] Started resource Renewed-Banking
[    c-scripting-core] Creating script environments for Renewed-Weathersync
[           resources] Started resource Renewed-Weathersync
[           resources] Started resource bob74_ipl
[           resources] Started resource carliftprop
[    c-scripting-core] Creating script environments for lb-phone
[           resources] Started resource lb-phone
[           resources] Started resource lb-phoneprop
[    c-scripting-core] Creating script environments for mana_audio
[           resources] Started resource mana_audio
[           resources] Started resource mhacking
[    c-scripting-core] Creating script environments for ps-dispatch
[           resources] Started resource ps-dispatch
[    c-scripting-core] Creating script environments for ps_lib
[       script:ps_lib] [SUCCESS] Inventory Module Loaded: OX Inventory
[       script:ps_lib] [SUCCESS] Notification Module Loaded: ox_lib Notify
[       script:ps_lib] [SUCCESS] Banking Module Loaded: QB-Banking
[       script:ps_lib] [SUCCESS] Framework resource found: qbx_core
[           resources] Started resource ps_lib
[    c-scripting-core] Creating script environments for ps-mdt
[           resources] Started resource ps-mdt
[           resources] Started resource safecracker
[    c-scripting-core] Creating script environments for screencapture
[script:screencapture] [screencapture] Sentry enabled
[           resources] Started resource screencapture
[    c-scripting-core] Creating script environments for ultra-voltlab
[           resources] Started resource ultra-voltlab
[    c-scripting-core] Creating script environments for xt-prison
[           resources] Started resource xt-prison
[    c-scripting-core] Creating script environments for pma-voice
[           resources] Started resource pma-voice
[    c-scripting-core] Creating script environments for mm_radio
[           resources] Started resource mm_radio
[ citizen-server-impl] Couldn't find resource category [assets].
[    c-scripting-core] Creating script environments for crazy-carrental
[           resources] Started resource crazy-carrental
[    c-scripting-core] Creating script environments for crazy-chain
[           resources] Started resource crazy-chain
[    c-scripting-core] Creating script environments for crazy-dailytasks
[           resources] Started resource crazy-dailytasks
[    c-scripting-core] Creating script environments for crazy-hud
[           resources] Started resource crazy-hud
[           resources] Started resource crazy-id
[    c-scripting-core] Creating script environments for crazy-invoicing
[           resources] Started resource crazy-invoicing
[    c-scripting-core] Creating script environments for crazy-kitchen
[script:crazy-kitchen] [crazy-kitchen] Registered kitchen stash: craft_paparattos_kitchen
[script:crazy-kitchen] [crazy-kitchen] Registered kitchen stash: craft_burgershot_kitchen
[script:crazy-kitchen] [crazy-kitchen] Registered kitchen stash: craft_aldentes_kitchen
[script:crazy-kitchen] [crazy-kitchen] Registered kitchen stash: craft_kebab_kitchen
[script:crazy-kitchen] [crazy-kitchen] Registered kitchen stash: craft_habibi_kitchen
[script:crazy-kitchen] [crazy-kitchen] Registered kitchen stash: craft_pearls_kitchen
[script:crazy-kitchen] [crazy-kitchen] Registered kitchen stash: craft_hornys_kitchen
[script:crazy-kitchen] [crazy-kitchen] Registered kitchen stash: craft_stroke_mechs
[script:crazy-kitchen] [crazy-kitchen] Registered kitchen stash: craft_bennys_mechs
[script:crazy-kitchen] [crazy-kitchen] Registered kitchen stash: craft_tuner_mechs
[script:crazy-kitchen] [crazy-kitchen] Registered kitchen stash: craft_seaton_mechs
[           resources] Started resource crazy-kitchen
[           resources] Started resource crazy-loadingscreen
[    c-scripting-core] Creating script environments for crazy-map
[    c-scripting-core] Failed to load script @ReaperV4/imports/bypass.lua.
[    c-scripting-core] Failed to load script @ReaperV4/imports/bypass_s.lua.
[    c-scripting-core] Failed to load script @ReaperV4/imports/bypass_c.lua.
[    c-scripting-core] Failed to load script @FiniAC/fini_events.lua.
[           resources] Started resource crazy-map
[    c-scripting-core] Creating script environments for crazy-minigames
[           resources] Started resource crazy-minigames
[    c-scripting-core] Creating script environments for crazy-postals
[           resources] Started resource crazy-postals
[    c-scripting-core] Creating script environments for crazy-radar
[           resources] Started resource crazy-radar
[    c-scripting-core] Creating script environments for crazy-register
[           resources] Started resource crazy-register
[    c-scripting-core] Creating script environments for crazy-rules
[           resources] Started resource crazy-rules
[    c-scripting-core] Creating script environments for crazy-storerobbery
[           resources] Started resource crazy-storerobbery
[    c-scripting-core] Creating script environments for crazy-tutorial
[           resources] Started resource crazy-tutorial
[resources:Pearls:str] Asset Pearls/SLB2k11_pearls_details_7.ydr uses 24.0 MiB of physical memory.
[resources:Pearls:str] Asset Pearls/slb2k11_beach_torch2.ydr uses 24.0 MiB of physical memory.
[           resources] Started resource Pearls (2 warnings)
[ citizen-server-impl] You lack the required entitlement to use _flame-studios-FIB-HQ
[ citizen-server-impl] Couldn't start resource _flame-studios-FIB-HQ.
[resources:as_autoexo] Asset as_autoexotic+ds/as_shell.ydr uses 26.0 MiB of physical memory.
[           resources] Started resource as_autoexotic+ds (1 warning)
[resources:as_hayes_a] Asset as_hayes_auto_hub/as_hayes_auto_shell.ydr uses 17.5 MiB of physical memory.
[           resources] Started resource as_hayes_auto_hub (1 warning)
[           resources] Started resource as_luxpdm
[           resources] Started resource as_mapdata
[           resources] Started resource cfx-fm-ammunation-big-sub
[resources:cfx-fm-bar] Asset cfx-fm-barber-shops/fm_bsi_textures_01.ytd uses 33.0 MiB of physical memory.
[           resources] Started resource cfx-fm-barber-shops (1 warning)
[           resources] Started resource cfx-fm-city-hall-exterior-ls
[resources:cfx-fm-cit] Asset cfx-fm-city-hall-interior-ls/fm_ch_interior_shell.ydr uses 18.0 MiB of physical memory.
[resources:cfx-fm-cit] Asset cfx-fm-city-hall-interior-ls/fm_ch_shell_textures.ytd uses 32.0 MiB of physical memory.
[           resources] Started resource cfx-fm-city-hall-interior-ls (2 warnings)
[resources:cfx-fm-jew] Asset cfx-fm-jewelry-interior/fm_jewelry_textures.ytd uses 23.0 MiB of physical memory.
[           resources] Started resource cfx-fm-jewelry-interior (1 warning)
[resources:cfx-fm-ltd] Asset cfx-fm-ltd-gasoline-interior/fm_ltd_shell_textures.ytd uses 23.0 MiB of physical memory.
[           resources] Started resource cfx-fm-ltd-gasoline-interior (1 warning)
[           resources] Started resource cfx-fm-map-data-02
[    c-scripting-core] Creating script environments for cfx-fm-medical-center-machines
[           resources] Started resource cfx-fm-medical-center-machines
[resources:cfx-fm-med] Asset cfx-fm-medical-center-v1/fm_hsp_furn_props_textures.ytd uses 19.0 MiB of physical memory.
[resources:cfx-fm-med] Asset cfx-fm-medical-center-v1/fm_hsp_shell_textures.ytd uses 33.0 MiB of physical memory.
[           resources] Started resource cfx-fm-medical-center-v1 (2 warnings)
[           resources] Started resource cfx-fm-suburban-interior
[resources:cfx-fm-sup] Asset cfx-fm-supermarkets-interior-v2/fm_247_int_f_props_textures_01.ytd uses 44.0 MiB of physical memory.
[resources:cfx-fm-sup] Asset cfx-fm-supermarkets-interior-v2/fm_247_int_shell_textures_01.ytd uses 22.0 MiB of physical memory.
[           resources] Started resource cfx-fm-supermarkets-interior-v2 (2 warnings)
[           resources] Started resource cfx-fm-towing-impound-exterior
[resources:cfx-fm-tow] Asset cfx-fm-towing-impound-interior/fm_imp_shell_textures.ytd uses 22.0 MiB of physical memory.
[           resources] Started resource cfx-fm-towing-impound-interior (1 warning)
[resources:cfx-mxc-ha] Asset cfx-mxc-hayesauto/mxc_hayesauto_ytd.ytd uses 29.5 MiB of physical memory.
[           resources] Started resource cfx-mxc-hayesauto (1 warning)
[   script:mapmanager] Started gametype Freeroam
[           resources] Started resource basic-gamemode
[   script:mapmanager] Started map fivem-map-hipster
[           resources] Started resource fivem-map-hipster
[   script:mapmanager] Changing map from fivem-map-hipster to fivem-map-skater
[           resources] Stopping resource fivem-map-hipster
[   script:mapmanager] Started map fivem-map-skater
[           resources] Started resource fivem-map-skater
[           resources] Started resource jr_dreamworks
[           resources] Started resource k4mb1-bobcat
[           resources] Warning: Resource redm-map-one does not support the current game (gta5).
[ citizen-server-impl] Couldn't start resource redm-map-one.
[resources:rfc_redlin] Asset rfc_redline_tuner_shop/rfc_tunergarage_txd.ytd uses 62.0 MiB of physical memory. Oversized assets can and WILL lead to streaming issues (such as models not loading/rendering).
[           resources] Started resource rfc_redline_tuner_shop (1 warning)
[    c-scripting-core] Creating script environments for tstudio_zmapdata
[script:tstudio_zmapd] [ TStudio Patch Loader] 🔎 Loading patch configurations from patches/ folder...
[script:tstudio_zmapd] [ TStudio Patch Loader] Found 1 patch config(s) in manifest
[script:tstudio_zmapd] [ TStudio Patch Loader] Loading patches for: TStudio Maps (62 patches)
[script:tstudio_zmapd] [ TStudio Patch Loader] ✅ Loaded 62 compatibility patches from 1 creators
[           resources] Started resource tstudio_zmapdata
[           resources] Started resource tstudio_audioocclusion
[resources:tstudio_be] Asset tstudio_bennys/turbosaif_bennys_luxury_txt.ytd uses 25.8 MiB of physical memory.
[           resources] Started resource tstudio_bennys (1 warning)
[resources:tstudio_be] Asset tstudio_bennys_docks/turbosaif_bennys_docks_txt.ytd uses 20.2 MiB of physical memory.
[           resources] Started resource tstudio_bennys_docks (1 warning)
[resources:tstudio_bu] Asset tstudio_burgershot/turbosaif_burgershot_int_txt.ytd uses 26.1 MiB of physical memory.
[           resources] Started resource tstudio_burgershot (1 warning)
[resources:tstudio_fl] Warning: could not find file `stream/vanilla/*/*.*` (defined in fxmanifest.lua:17)
[resources:tstudio_fl] Asset tstudio_fleeca/uniqx_flecca_tex.ytd uses 23.0 MiB of physical memory.
[           resources] Started resource tstudio_fleeca (2 warnings)
[resources:tstudio_le] Asset tstudio_legionsquare/tstudio_legionsquare_asset_txt.ytd uses 19.2 MiB of physical memory.
[resources:tstudio_le] Asset tstudio_legionsquare/tstudio_legionsquare_txt.ytd uses 31.2 MiB of physical memory.
[           resources] Started resource tstudio_legionsquare (2 warnings)
[    c-scripting-core] Creating script environments for tstudio_mrpd
[resources:tstudio_mr] Asset tstudio_mrpd/tstudio_mrpd_ext_textures.ytd uses 20.8 MiB of physical memory.
[resources:tstudio_mr] Asset tstudio_mrpd/tstudio_mrpd_int_textures.ytd uses 31.8 MiB of physical memory.
[resources:tstudio_mr] Asset tstudio_mrpd/tstudio_mrpd_parent_textures.ytd uses 27.2 MiB of physical memory.
[resources:tstudio_mr] Asset tstudio_mrpd/tstudio_mrpd_tex_misc.ytd uses 23.2 MiB of physical memory.
[resources:tstudio_mr] Asset tstudio_mrpd/tstudio_mrpd_tex_misc2.ytd uses 19.8 MiB of physical memory.
[resources:tstudio_mr] Asset tstudio_mrpd/tstudio_mrpd_tex_seats.ytd uses 24.2 MiB of physical memory.
[resources:tstudio_mr] Asset tstudio_mrpd/tstudio_mrpd_tex_tables.ytd uses 19.8 MiB of physical memory.
[           resources] Started resource tstudio_mrpd (7 warnings)
[           resources] Started resource tstudio_tunershop
[           resources] Started resource tstudio_zpatch_ls_mrpd
[resources:cfx-gomsty] Asset cfx-gomstyling-subpack-1/emsgstalamo1.ytd uses 32.0 MiB of physical memory.
[resources:cfx-gomsty] Asset cfx-gomstyling-subpack-1/emsgstdomgt241.ytd uses 32.0 MiB of physical memory.
[resources:cfx-gomsty] Asset cfx-gomstyling-subpack-1/emsgsticona1.ytd uses 32.0 MiB of physical memory.
[resources:cfx-gomsty] Asset cfx-gomstyling-subpack-1/emsgstsadlt1.ytd uses 32.0 MiB of physical memory.
[resources:cfx-gomsty] Asset cfx-gomstyling-subpack-1/emsgstsct1.ytd uses 32.0 MiB of physical memory.
[resources:cfx-gomsty] Asset cfx-gomstyling-subpack-1/emsgstsemxl1.ytd uses 32.0 MiB of physical memory.
[resources:cfx-gomsty] Asset cfx-gomstyling-subpack-1/emsgsttorle1.ytd uses 32.0 MiB of physical memory.
[resources:cfx-gomsty] Asset cfx-gomstyling-subpack-1/emsgstxlb1.ytd uses 32.0 MiB of physical memory.
[resources:cfx-gomsty] Asset cfx-gomstyling-subpack-1/gst3001.ytd uses 67.0 MiB of physical memory. Oversized assets can and WILL lead to streaming issues (such as models not loading/rendering).
[resources:cfx-gomsty] Asset cfx-gomstyling-subpack-1/gst3002.ytd uses 37.0 MiB of physical memory.
[resources:cfx-gomsty] Asset cfx-gomstyling-subpack-1/gst73r1b_livery1.yft uses 32.0 MiB of physical memory.
[resources:cfx-gomsty] Asset cfx-gomstyling-subpack-1/gst73r1b_livery2.yft uses 32.0 MiB of physical memory.
[resources:cfx-gomsty] Asset cfx-gomstyling-subpack-1/gst73r1b_livery3.yft uses 32.0 MiB of physical memory.
[resources:cfx-gomsty] Asset cfx-gomstyling-subpack-1/gst73r1b_livery4.yft uses 32.0 MiB of physical memory.
[resources:cfx-gomsty] Asset cfx-gomstyling-subpack-1/gst73r1b_livery5.yft uses 32.0 MiB of physical memory.
[resources:cfx-gomsty] Asset cfx-gomstyling-subpack-1/gst73r1b_livery6.yft uses 32.0 MiB of physical memory.
[resources:cfx-gomsty] Asset cfx-gomstyling-subpack-1/gstambisxl4.ytd uses 64.0 MiB of physical memory. Oversized assets can and WILL lead to streaming issues (such as models not loading/rendering).
[resources:cfx-gomsty] Asset cfx-gomstyling-subpack-1/gstambyxl3.ytd uses 64.0 MiB of physical memory. Oversized assets can and WILL lead to streaming issues (such as models not loading/rendering).
[           resources] Started resource cfx-gomstyling-subpack-1 (18 warnings)
[resources:cfx-gomsty] Asset cfx-gomstyling-subpack-10/gstarcadius1.ytd uses 32.0 MiB of physical memory.
[resources:cfx-gomsty] Asset cfx-gomstyling-subpack-10/gstecstasytaxi1_livery1.yft uses 64.0 MiB of physical memory. Oversized assets can and WILL lead to streaming issues (such as models not loading/rendering).
[resources:cfx-gomsty] Asset cfx-gomstyling-subpack-10/gstexpdt1_liv7.yft uses 32.0 MiB of physical memory.
[resources:cfx-gomsty] Asset cfx-gomstyling-subpack-10/gstfac1.ytd uses 37.0 MiB of physical memory.
[resources:cfx-gomsty] Asset cfx-gomstyling-subpack-10/gstflashrs1.ytd uses 33.0 MiB of physical memory.
[resources:cfx-gomsty] Asset cfx-gomstyling-subpack-10/gstgauntac1_livery1.yft uses 32.0 MiB of physical memory.
[resources:cfx-gomsty] Asset cfx-gomstyling-subpack-10/gstgauntac1_livery10.yft uses 32.0 MiB of physical memory.
[resources:cfx-gomsty] Asset cfx-gomstyling-subpack-10/gstgauntac1_livery11.yft uses 32.0 MiB of physical memory.
[resources:cfx-gomsty] Asset cfx-gomstyling-subpack-10/gstgauntac1_livery12.yft uses 32.0 MiB of physical memory.
[resources:cfx-gomsty] Asset cfx-gomstyling-subpack-10/gstgauntac1_livery2.yft uses 32.0 MiB of physical memory.
[resources:cfx-gomsty] Asset cfx-gomstyling-subpack-10/gstgauntac1_livery3.yft uses 32.0 MiB of physical memory.
[resources:cfx-gomsty] Asset cfx-gomstyling-subpack-10/gstgauntac1_livery4.yft uses 32.0 MiB of physical memory.
[resources:cfx-gomsty] Asset cfx-gomstyling-subpack-10/gstgauntac1_livery5.yft uses 32.0 MiB of physical memory.
[resources:cfx-gomsty] Asset cfx-gomstyling-subpack-10/gstgauntac1_livery6.yft uses 32.0 MiB of physical memory.
[resources:cfx-gomsty] Asset cfx-gomstyling-subpack-10/gstgauntac1_livery7.yft uses 32.0 MiB of physical memory.
[resources:cfx-gomsty] Asset cfx-gomstyling-subpack-10/gstgauntac1_livery8.yft uses 32.0 MiB of physical memory.
[resources:cfx-gomsty] Asset cfx-gomstyling-subpack-10/gstgauntac1_livery9.yft uses 32.0 MiB of physical memory.
[resources:cfx-gomsty] Asset cfx-gomstyling-subpack-10/gstintrptaxi1_liv1.yft uses 32.0 MiB of physical memory.
[resources:cfx-gomsty] Asset cfx-gomstyling-subpack-10/gstoraclexrlrmpg_livery10.yft uses 32.0 MiB of physical memory.
[resources:cfx-gomsty] Asset cfx-gomstyling-subpack-10/gstoraclexrlrmpg_livery11.yft uses 32.0 MiB of physical memory.
[resources:cfx-gomsty] Asset cfx-gomstyling-subpack-10/gstoraclexrlrmpg_livery12.yft uses 32.0 MiB of physical memory.
[resources:cfx-gomsty] Asset cfx-gomstyling-subpack-10/gstoraclexrlrmpg_livery13.yft uses 32.0 MiB of physical memory.
[resources:cfx-gomsty] Asset cfx-gomstyling-subpack-10/gstoraclexrlrmpg_livery14.yft uses 32.0 MiB of physical memory.
[resources:cfx-gomsty] Asset cfx-gomstyling-subpack-10/gstoraclexrlrmpg_livery15.yft uses 32.0 MiB of physical memory.
[resources:cfx-gomsty] Asset cfx-gomstyling-subpack-10/gstoraclexrlrmpg_livery16.yft uses 32.0 MiB of physical memory.
[resources:cfx-gomsty] Asset cfx-gomstyling-subpack-10/gstoraclexrlrmpg_livery17.yft uses 32.0 MiB of physical memory.
[resources:cfx-gomsty] Asset cfx-gomstyling-subpack-10/gstoraclexrlrmpg_livery18.yft uses 32.0 MiB of physical memory.
[resources:cfx-gomsty] Asset cfx-gomstyling-subpack-10/gstoraclexrlrmpg_livery19.yft uses 32.0 MiB of physical memory.
[resources:cfx-gomsty] Asset cfx-gomstyling-subpack-10/gstoraclexrlrmpg_livery20.yft uses 32.0 MiB of physical memory.
[resources:cfx-gomsty] Asset cfx-gomstyling-subpack-10/gstoraclexrlrmpg_livery7.yft uses 32.0 MiB of physical memory.
[resources:cfx-gomsty] Asset cfx-gomstyling-subpack-10/gstoraclexrlrmpg_livery8.yft uses 32.0 MiB of physical memory.
[resources:cfx-gomsty] Asset cfx-gomstyling-subpack-10/gstoraclexrlrmpg_livery9.yft uses 32.0 MiB of physical memory.
[resources:cfx-gomsty] Asset cfx-gomstyling-subpack-10/gstpmp7staxi1_liv1.yft uses 32.0 MiB of physical memory.
[resources:cfx-gomsty] Asset cfx-gomstyling-subpack-10/gsttorletaxi1.ytd uses 25.0 MiB of physical memory.
[resources:cfx-gomsty] Asset cfx-gomstyling-subpack-10/gsttrsxotaxi1_liv1.yft uses 32.0 MiB of physical memory.
[           resources] Started resource cfx-gomstyling-subpack-10 (35 warnings)
[           resources] Started resource cfx-gomstyling-subpack-11
[resources:cfx-gomsty] Asset cfx-gomstyling-subpack-12/gstgangbison1500hf1.ytd uses 46.0 MiB of physical memory.
[resources:cfx-gomsty] Asset cfx-gomstyling-subpack-12/gstpolgrsac.ytd uses 17.0 MiB of physical memory.
[resources:cfx-gomsty] Asset cfx-gomstyling-subpack-12/gstr901.ytd uses 19.0 MiB of physical memory.
[resources:cfx-gomsty] Asset cfx-gomstyling-subpack-12/gstspcbrioso1_liv1.yft uses 32.0 MiB of physical memory.
[resources:cfx-gomsty] Asset cfx-gomstyling-subpack-12/gstyjac1.ytd uses 19.0 MiB of physical memory.
[           resources] Started resource cfx-gomstyling-subpack-12 (5 warnings)
[resources:cfx-gomsty] Asset cfx-gomstyling-subpack-2/gstbag1.ytd uses 33.0 MiB of physical memory.
[resources:cfx-gomsty] Asset cfx-gomstyling-subpack-2/gstbag1b.ytd uses 34.0 MiB of physical memory.
[resources:cfx-gomsty] Asset cfx-gomstyling-subpack-2/gstbanac1_livery1.yft uses 32.0 MiB of physical memory.
[resources:cfx-gomsty] Asset cfx-gomstyling-subpack-2/gstbanac1_livery10.yft uses 32.0 MiB of physical memory.
[resources:cfx-gomsty] Asset cfx-gomstyling-subpack-2/gstbanac1_livery11.yft uses 32.0 MiB of physical memory.
[resources:cfx-gomsty] Asset cfx-gomstyling-subpack-2/gstbanac1_livery12.yft uses 32.0 MiB of physical memory.
[resources:cfx-gomsty] Asset cfx-gomstyling-subpack-2/gstbanac1_livery13.yft uses 32.0 MiB of physical memory.
[resources:cfx-gomsty] Asset cfx-gomstyling-subpack-2/gstbanac1_livery14.yft uses 32.0 MiB of physical memory.
[resources:cfx-gomsty] Asset cfx-gomstyling-subpack-2/gstbanac1_livery15.yft uses 32.0 MiB of physical memory.
[resources:cfx-gomsty] Asset cfx-gomstyling-subpack-2/gstbanac1_livery16.yft uses 32.0 MiB of physical memory.
[resources:cfx-gomsty] Asset cfx-gomstyling-subpack-2/gstbanac1_livery17.yft uses 32.0 MiB of physical memory.
[resources:cfx-gomsty] Asset cfx-gomstyling-subpack-2/gstbanac1_livery18.yft uses 32.0 MiB of physical memory.
[resources:cfx-gomsty] Asset cfx-gomstyling-subpack-2/gstbanac1_livery19.yft uses 32.0 MiB of physical memory.
[resources:cfx-gomsty] Asset cfx-gomstyling-subpack-2/gstbanac1_livery2.yft uses 32.0 MiB of physical memory.
[resources:cfx-gomsty] Asset cfx-gomstyling-subpack-2/gstbanac1_livery20.yft uses 32.0 MiB of physical memory.
[resources:cfx-gomsty] Asset cfx-gomstyling-subpack-2/gstbanac1_livery3.yft uses 32.0 MiB of physical memory.
[resources:cfx-gomsty] Asset cfx-gomstyling-subpack-2/gstbanac1_livery4.yft uses 32.0 MiB of physical memory.
[resources:cfx-gomsty] Asset cfx-gomstyling-subpack-2/gstbanac1_livery5.yft uses 32.0 MiB of physical memory.
[resources:cfx-gomsty] Asset cfx-gomstyling-subpack-2/gstbanac1_livery6.yft uses 32.0 MiB of physical memory.
[resources:cfx-gomsty] Asset cfx-gomstyling-subpack-2/gstbanac1_livery7.yft uses 32.0 MiB of physical memory.
[resources:cfx-gomsty] Asset cfx-gomstyling-subpack-2/gstbanac1_livery8.yft uses 32.0 MiB of physical memory.
[resources:cfx-gomsty] Asset cfx-gomstyling-subpack-2/gstbanac1_livery9.yft uses 32.0 MiB of physical memory.
[resources:cfx-gomsty] Asset cfx-gomstyling-subpack-2/gstbaron1.ytd uses 38.0 MiB of physical memory.
[resources:cfx-gomsty] Asset cfx-gomstyling-subpack-2/gstbhow1_liv1.yft uses 32.0 MiB of physical memory.
[resources:cfx-gomsty] Asset cfx-gomstyling-subpack-2/gstbhow1_liv10.yft uses 32.0 MiB of physical memory.
[resources:cfx-gomsty] Asset cfx-gomstyling-subpack-2/gstbhow1_liv11.yft uses 32.0 MiB of physical memory.
[resources:cfx-gomsty] Asset cfx-gomstyling-subpack-2/gstbhow1_liv12.yft uses 32.0 MiB of physical memory.
[resources:cfx-gomsty] Asset cfx-gomstyling-subpack-2/gstbhow1_liv13.yft uses 32.0 MiB of physical memory.
[resources:cfx-gomsty] Asset cfx-gomstyling-subpack-2/gstbhow1_liv14.yft uses 32.0 MiB of physical memory.
[resources:cfx-gomsty] Asset cfx-gomstyling-subpack-2/gstbhow1_liv2.yft uses 32.0 MiB of physical memory.
[resources:cfx-gomsty] Asset cfx-gomstyling-subpack-2/gstbhow1_liv3.yft uses 32.0 MiB of physical memory.
[resources:cfx-gomsty] Asset cfx-gomstyling-subpack-2/gstbhow1_liv4.yft uses 32.0 MiB of physical memory.
[resources:cfx-gomsty] Asset cfx-gomstyling-subpack-2/gstbhow1_liv5.yft uses 32.0 MiB of physical memory.
[resources:cfx-gomsty] Asset cfx-gomstyling-subpack-2/gstbhow1_liv6.yft uses 32.0 MiB of physical memory.
[resources:cfx-gomsty] Asset cfx-gomstyling-subpack-2/gstbhow1_liv7.yft uses 32.0 MiB of physical memory.
[resources:cfx-gomsty] Asset cfx-gomstyling-subpack-2/gstbhow1_liv8.yft uses 32.0 MiB of physical memory.
[resources:cfx-gomsty] Asset cfx-gomstyling-subpack-2/gstbhow1_liv9.yft uses 32.0 MiB of physical memory.
[resources:cfx-gomsty] Asset cfx-gomstyling-subpack-2/gstbhow2_liv1.yft uses 32.0 MiB of physical memory.
[resources:cfx-gomsty] Asset cfx-gomstyling-subpack-2/gstbhow2_liv10.yft uses 32.0 MiB of physical memory.
[resources:cfx-gomsty] Asset cfx-gomstyling-subpack-2/gstbhow2_liv11.yft uses 32.0 MiB of physical memory.
[resources:cfx-gomsty] Asset cfx-gomstyling-subpack-2/gstbhow2_liv12.yft uses 32.0 MiB of physical memory.
[resources:cfx-gomsty] Asset cfx-gomstyling-subpack-2/gstbhow2_liv13.yft uses 32.0 MiB of physical memory.
[resources:cfx-gomsty] Asset cfx-gomstyling-subpack-2/gstbhow2_liv14.yft uses 32.0 MiB of physical memory.
[resources:cfx-gomsty] Asset cfx-gomstyling-subpack-2/gstbhow2_liv2.yft uses 32.0 MiB of physical memory.
[resources:cfx-gomsty] Asset cfx-gomstyling-subpack-2/gstbhow2_liv3.yft uses 32.0 MiB of physical memory.
[resources:cfx-gomsty] Asset cfx-gomstyling-subpack-2/gstbhow2_liv4.yft uses 32.0 MiB of physical memory.
[resources:cfx-gomsty] Asset cfx-gomstyling-subpack-2/gstbhow2_liv5.yft uses 32.0 MiB of physical memory.
[resources:cfx-gomsty] Asset cfx-gomstyling-subpack-2/gstbhow2_liv6.yft uses 32.0 MiB of physical memory.
[resources:cfx-gomsty] Asset cfx-gomstyling-subpack-2/gstbhow2_liv7.yft uses 32.0 MiB of physical memory.
[resources:cfx-gomsty] Asset cfx-gomstyling-subpack-2/gstbhow2_liv8.yft uses 32.0 MiB of physical memory.
[resources:cfx-gomsty] Asset cfx-gomstyling-subpack-2/gstbhow2_liv9.yft uses 32.0 MiB of physical memory.
[resources:cfx-gomsty] Asset cfx-gomstyling-subpack-2/gstbisc1_livery_1.yft uses 32.0 MiB of physical memory.
[resources:cfx-gomsty] Asset cfx-gomstyling-subpack-2/gstbisc1_livery_2.yft uses 32.0 MiB of physical memory.
[resources:cfx-gomsty] Asset cfx-gomstyling-subpack-2/gstbisc1_livery_3.yft uses 32.0 MiB of physical memory.
[resources:cfx-gomsty] Asset cfx-gomstyling-subpack-2/gstbisc1_livery_4.yft uses 32.0 MiB of physical memory.
[resources:cfx-gomsty] Asset cfx-gomstyling-subpack-2/gstbisc1_livery_5.yft uses 32.0 MiB of physical memory.
[resources:cfx-gomsty] Asset cfx-gomstyling-subpack-2/gstbisxl1b.ytd uses 21.5 MiB of physical memory.
[resources:cfx-gomsty] Asset cfx-gomstyling-subpack-2/gstbisxl3.ytd uses 29.0 MiB of physical memory.
[resources:cfx-gomsty] Asset cfx-gomstyling-subpack-2/gstbisxl3rpg.ytd uses 31.0 MiB of physical memory.
[resources:cfx-gomsty] Asset cfx-gomstyling-subpack-2/gstbisxl5.ytd uses 29.0 MiB of physical memory.
[resources:cfx-gomsty] Asset cfx-gomstyling-subpack-2/gstbls1.ytd uses 39.0 MiB of physical memory.
[resources:cfx-gomsty] Asset cfx-gomstyling-subpack-2/gstbul1.ytd uses 66.0 MiB of physical memory. Oversized assets can and WILL lead to streaming issues (such as models not loading/rendering).
[resources:cfx-gomsty] Asset cfx-gomstyling-subpack-2/gstcdy1.ytd uses 142.0 MiB of physical memory. Oversized assets can and WILL lead to streaming issues (such as models not loading/rendering).
[resources:cfx-gomsty] Asset cfx-gomstyling-subpack-2/gstcdy1d.ytd uses 142.0 MiB of physical memory. Oversized assets can and WILL lead to streaming issues (such as models not loading/rendering).
[           resources] Started resource cfx-gomstyling-subpack-2 (64 warnings)
[resources:cfx-gomsty] Asset cfx-gomstyling-subpack-3/gstcdy1rpg.ytd uses 144.0 MiB of physical memory. Oversized assets can and WILL lead to streaming issues (such as models not loading/rendering).
[resources:cfx-gomsty] Asset cfx-gomstyling-subpack-3/gstcdy2.ytd uses 16.2 MiB of physical memory.
[resources:cfx-gomsty] Asset cfx-gomstyling-subpack-3/gstcdy2b.ytd uses 32.5 MiB of physical memory.
[resources:cfx-gomsty] Asset cfx-gomstyling-subpack-3/gstcdy2c.ytd uses 32.5 MiB of physical memory.
[resources:cfx-gomsty] Asset cfx-gomstyling-subpack-3/gstcdy2d.ytd uses 32.5 MiB of physical memory.
[resources:cfx-gomsty] Asset cfx-gomstyling-subpack-3/gstcdy2polng.ytd uses 26.8 MiB of physical memory.
[resources:cfx-gomsty] Asset cfx-gomstyling-subpack-3/gstcentenfero_livery1.yft uses 32.0 MiB of physical memory.
[resources:cfx-gomsty] Asset cfx-gomstyling-subpack-3/gstcentenfero_livery10.yft uses 32.0 MiB of physical memory.
[resources:cfx-gomsty] Asset cfx-gomstyling-subpack-3/gstcentenfero_livery11.yft uses 32.0 MiB of physical memory.
[resources:cfx-gomsty] Asset cfx-gomstyling-subpack-3/gstcentenfero_livery12.yft uses 32.0 MiB of physical memory.
[resources:cfx-gomsty] Asset cfx-gomstyling-subpack-3/gstcentenfero_livery13.yft uses 32.0 MiB of physical memory.
[resources:cfx-gomsty] Asset cfx-gomstyling-subpack-3/gstcentenfero_livery14.yft uses 32.0 MiB of physical memory.
[resources:cfx-gomsty] Asset cfx-gomstyling-subpack-3/gstcentenfero_livery15.yft uses 32.0 MiB of physical memory.
[resources:cfx-gomsty] Asset cfx-gomstyling-subpack-3/gstcentenfero_livery16.yft uses 32.0 MiB of physical memory.
[resources:cfx-gomsty] Asset cfx-gomstyling-subpack-3/gstcentenfero_livery17.yft uses 32.0 MiB of physical memory.
[resources:cfx-gomsty] Asset cfx-gomstyling-subpack-3/gstcentenfero_livery2.yft uses 32.0 MiB of physical memory.
[resources:cfx-gomsty] Asset cfx-gomstyling-subpack-3/gstcentenfero_livery3.yft uses 32.0 MiB of physical memory.
[resources:cfx-gomsty] Asset cfx-gomstyling-subpack-3/gstcentenfero_livery4.yft uses 32.0 MiB of physical memory.
[resources:cfx-gomsty] Asset cfx-gomstyling-subpack-3/gstcentenfero_livery5.yft uses 32.0 MiB of physical memory.
[resources:cfx-gomsty] Asset cfx-gomstyling-subpack-3/gstcentenfero_livery6.yft uses 32.0 MiB of physical memory.
[resources:cfx-gomsty] Asset cfx-gomstyling-subpack-3/gstcentenfero_livery7.yft uses 32.0 MiB of physical memory.
[resources:cfx-gomsty] Asset cfx-gomstyling-subpack-3/gstcentenfero_livery8.yft uses 32.0 MiB of physical memory.
[resources:cfx-gomsty] Asset cfx-gomstyling-subpack-3/gstcentenfero_livery9.yft uses 32.0 MiB of physical memory.
[resources:cfx-gomsty] Asset cfx-gomstyling-subpack-3/gstcentenfero_liverypol.yft uses 32.0 MiB of physical memory.
[resources:cfx-gomsty] Asset cfx-gomstyling-subpack-3/gstcom1.ytd uses 44.0 MiB of physical memory.
[resources:cfx-gomsty] Asset cfx-gomstyling-subpack-3/gstcs22.ytd uses 35.0 MiB of physical memory.
[resources:cfx-gomsty] Asset cfx-gomstyling-subpack-3/gstcyp1.ytd uses 94.0 MiB of physical memory. Oversized assets can and WILL lead to streaming issues (such as models not loading/rendering).
[resources:cfx-gomsty] Asset cfx-gomstyling-subpack-3/gstcypt1b.ytd uses 18.0 MiB of physical memory.
[resources:cfx-gomsty] Asset cfx-gomstyling-subpack-3/gstd104_livery1.yft uses 32.0 MiB of physical memory.
[resources:cfx-gomsty] Asset cfx-gomstyling-subpack-3/gstd104_livery10.yft uses 32.0 MiB of physical memory.
[resources:cfx-gomsty] Asset cfx-gomstyling-subpack-3/gstd104_livery2.yft uses 32.0 MiB of physical memory.
[resources:cfx-gomsty] Asset cfx-gomstyling-subpack-3/gstd104_livery3.yft uses 32.0 MiB of physical memory.
[resources:cfx-gomsty] Asset cfx-gomstyling-subpack-3/gstd104_livery4.yft uses 32.0 MiB of physical memory.
[resources:cfx-gomsty] Asset cfx-gomstyling-subpack-3/gstd104_livery5.yft uses 32.0 MiB of physical memory.
[resources:cfx-gomsty] Asset cfx-gomstyling-subpack-3/gstd104_livery6.yft uses 32.0 MiB of physical memory.
[resources:cfx-gomsty] Asset cfx-gomstyling-subpack-3/gstd104_livery7.yft uses 32.0 MiB of physical memory.
[resources:cfx-gomsty] Asset cfx-gomstyling-subpack-3/gstd104_livery8.yft uses 32.0 MiB of physical memory.
[resources:cfx-gomsty] Asset cfx-gomstyling-subpack-3/gstd104_livery9.yft uses 32.0 MiB of physical memory.
[resources:cfx-gomsty] Asset cfx-gomstyling-subpack-3/gstdel1.ytd uses 38.0 MiB of physical memory.
[resources:cfx-gomsty] Asset cfx-gomstyling-subpack-3/gstdomgt241_liv10.yft uses 32.0 MiB of physical memory.
[resources:cfx-gomsty] Asset cfx-gomstyling-subpack-3/gstdomgt241_liv11.yft uses 32.0 MiB of physical memory.
[resources:cfx-gomsty] Asset cfx-gomstyling-subpack-3/gstdomgt241_liv12.yft uses 32.0 MiB of physical memory.
[resources:cfx-gomsty] Asset cfx-gomstyling-subpack-3/gstdomgt241_liv13.yft uses 32.0 MiB of physical memory.
[resources:cfx-gomsty] Asset cfx-gomstyling-subpack-3/gstdomgt241_liv14.yft uses 32.0 MiB of physical memory.
[resources:cfx-gomsty] Asset cfx-gomstyling-subpack-3/gstdomgt241_liv15.yft uses 32.0 MiB of physical memory.
[resources:cfx-gomsty] Asset cfx-gomstyling-subpack-3/gstdomgt241_liv16.yft uses 32.0 MiB of physical memory.
[resources:cfx-gomsty] Asset cfx-gomstyling-subpack-3/gstdomgt241_liv18.yft uses 32.0 MiB of physical memory.
[resources:cfx-gomsty] Asset cfx-gomstyling-subpack-3/gstdomgt241_liv19.yft uses 32.0 MiB of physical memory.
[resources:cfx-gomsty] Asset cfx-gomstyling-subpack-3/gstdomgt241_liv2.yft uses 32.0 MiB of physical memory.
[resources:cfx-gomsty] Asset cfx-gomstyling-subpack-3/gstdomgt241_liv20.yft uses 32.0 MiB of physical memory.
[resources:cfx-gomsty] Asset cfx-gomstyling-subpack-3/gstdomgt241_liv21.yft uses 32.0 MiB of physical memory.
[resources:cfx-gomsty] Asset cfx-gomstyling-subpack-3/gstdomgt241_liv22.yft uses 32.0 MiB of physical memory.
[resources:cfx-gomsty] Asset cfx-gomstyling-subpack-3/gstdomgt241_liv23.yft uses 32.0 MiB of physical memory.
[resources:cfx-gomsty] Asset cfx-gomstyling-subpack-3/gstdomgt241_liv24.yft uses 32.0 MiB of physical memory.
[resources:cfx-gomsty] Asset cfx-gomstyling-subpack-3/gstdomgt241_liv25.yft uses 32.0 MiB of physical memory.
[resources:cfx-gomsty] Asset cfx-gomstyling-subpack-3/gstdomgt241_liv3.yft uses 32.0 MiB of physical memory.
[resources:cfx-gomsty] Asset cfx-gomstyling-subpack-3/gstdomgt241_liv30.yft uses 32.0 MiB of physical memory.
[resources:cfx-gomsty] Asset cfx-gomstyling-subpack-3/gstdomgt241_liv31.yft uses 32.0 MiB of physical memory.
[resources:cfx-gomsty] Asset cfx-gomstyling-subpack-3/gstdomgt241_liv32.yft uses 32.0 MiB of physical memory.
[resources:cfx-gomsty] Asset cfx-gomstyling-subpack-3/gstdomgt241_liv33.yft uses 32.0 MiB of physical memory.
[resources:cfx-gomsty] Asset cfx-gomstyling-subpack-3/gstdomgt241_liv34.yft uses 32.0 MiB of physical memory.
[resources:cfx-gomsty] Asset cfx-gomstyling-subpack-3/gstdomgt241_liv35.yft uses 32.0 MiB of physical memory.
[resources:cfx-gomsty] Asset cfx-gomstyling-subpack-3/gstdomgt241_liv4.yft uses 32.0 MiB of physical memory.
[resources:cfx-gomsty] Asset cfx-gomstyling-subpack-3/gstdomgt241_liv5.yft uses 32.0 MiB of physical memory.
[resources:cfx-gomsty] Asset cfx-gomstyling-subpack-3/gstdomgt241_liv6.yft uses 32.0 MiB of physical memory.
[resources:cfx-gomsty] Asset cfx-gomstyling-subpack-3/gstdomgt241_liv7.yft uses 32.0 MiB of physical memory.
[resources:cfx-gomsty] Asset cfx-gomstyling-subpack-3/gstdomgt241_liv8.yft uses 32.0 MiB of physical memory.
[resources:cfx-gomsty] Asset cfx-gomstyling-subpack-3/gstdomgt241_liv9.yft uses 32.0 MiB of physical memory.
[resources:cfx-gomsty] Asset cfx-gomstyling-subpack-3/gstdomgt4.ytd uses 20.0 MiB of physical memory.
[           resources] Started resource cfx-gomstyling-subpack-3 (69 warnings)
[resources:cfx-gomsty] Asset cfx-gomstyling-subpack-4/gstdomgtt5.ytd uses 124.0 MiB of physical memory. Oversized assets can and WILL lead to streaming issues (such as models not loading/rendering).
[resources:cfx-gomsty] Asset cfx-gomstyling-subpack-4/gstdrtvigzx1.ytd uses 36.0 MiB of physical memory.
[resources:cfx-gomsty] Asset cfx-gomstyling-subpack-4/gstdst1.ytd uses 22.0 MiB of physical memory.
[resources:cfx-gomsty] Asset cfx-gomstyling-subpack-4/gstdst1b.ytd uses 23.0 MiB of physical memory.
[resources:cfx-gomsty] Asset cfx-gomstyling-subpack-4/gstduk3.ytd uses 40.0 MiB of physical memory.
[resources:cfx-gomsty] Asset cfx-gomstyling-subpack-4/gstebk1_liv1.yft uses 32.0 MiB of physical memory.
[resources:cfx-gomsty] Asset cfx-gomstyling-subpack-4/gstebk1_liv2.yft uses 32.0 MiB of physical memory.
[resources:cfx-gomsty] Asset cfx-gomstyling-subpack-4/gstebk1_liv3.yft uses 32.0 MiB of physical memory.
[resources:cfx-gomsty] Asset cfx-gomstyling-subpack-4/gstebk1_liv4.yft uses 32.0 MiB of physical memory.
[resources:cfx-gomsty] Asset cfx-gomstyling-subpack-4/gstebk1_liv5.yft uses 32.0 MiB of physical memory.
[resources:cfx-gomsty] Asset cfx-gomstyling-subpack-4/gstebk1_liv6.yft uses 32.0 MiB of physical memory.
[resources:cfx-gomsty] Asset cfx-gomstyling-subpack-4/gstebk1_liv7.yft uses 32.0 MiB of physical memory.
[resources:cfx-gomsty] Asset cfx-gomstyling-subpack-4/gstebk1_liv8.yft uses 32.0 MiB of physical memory.
[resources:cfx-gomsty] Asset cfx-gomstyling-subpack-4/gstecstasy1_livery1.yft uses 64.0 MiB of physical memory. Oversized assets can and WILL lead to streaming issues (such as models not loading/rendering).
[resources:cfx-gomsty] Asset cfx-gomstyling-subpack-4/gstecstasy1_livery2.yft uses 64.0 MiB of physical memory. Oversized assets can and WILL lead to streaming issues (such as models not loading/rendering).
[resources:cfx-gomsty] Asset cfx-gomstyling-subpack-4/gstecstasy1_livery3.yft uses 64.0 MiB of physical memory. Oversized assets can and WILL lead to streaming issues (such as models not loading/rendering).
[resources:cfx-gomsty] Asset cfx-gomstyling-subpack-4/gstecstasy1_livery4.yft uses 64.0 MiB of physical memory. Oversized assets can and WILL lead to streaming issues (such as models not loading/rendering).
[resources:cfx-gomsty] Asset cfx-gomstyling-subpack-4/gstecstasy1_livery5.yft uses 64.0 MiB of physical memory. Oversized assets can and WILL lead to streaming issues (such as models not loading/rendering).
[resources:cfx-gomsty] Asset cfx-gomstyling-subpack-4/gstecstasy1_livery6.yft uses 64.0 MiB of physical memory. Oversized assets can and WILL lead to streaming issues (such as models not loading/rendering).
[resources:cfx-gomsty] Asset cfx-gomstyling-subpack-4/gstecstasy1_livery7.yft uses 64.0 MiB of physical memory. Oversized assets can and WILL lead to streaming issues (such as models not loading/rendering).
[resources:cfx-gomsty] Asset cfx-gomstyling-subpack-4/gstegt1.ytd uses 20.0 MiB of physical memory.
[resources:cfx-gomsty] Asset cfx-gomstyling-subpack-4/gstegt3_livery1.yft uses 32.0 MiB of physical memory.
[resources:cfx-gomsty] Asset cfx-gomstyling-subpack-4/gstegt3_livery10.yft uses 32.0 MiB of physical memory.
[resources:cfx-gomsty] Asset cfx-gomstyling-subpack-4/gstegt3_livery11.yft uses 32.0 MiB of physical memory.
[resources:cfx-gomsty] Asset cfx-gomstyling-subpack-4/gstegt3_livery12.yft uses 32.0 MiB of physical memory.
[resources:cfx-gomsty] Asset cfx-gomstyling-subpack-4/gstegt3_livery13.yft uses 32.0 MiB of physical memory.
[resources:cfx-gomsty] Asset cfx-gomstyling-subpack-4/gstegt3_livery14.yft uses 32.0 MiB of physical memory.
[resources:cfx-gomsty] Asset cfx-gomstyling-subpack-4/gstegt3_livery15.yft uses 32.0 MiB of physical memory.
[resources:cfx-gomsty] Asset cfx-gomstyling-subpack-4/gstegt3_livery16.yft uses 32.0 MiB of physical memory.
[resources:cfx-gomsty] Asset cfx-gomstyling-subpack-4/gstegt3_livery17.yft uses 32.0 MiB of physical memory.
[resources:cfx-gomsty] Asset cfx-gomstyling-subpack-4/gstegt3_livery2.yft uses 32.0 MiB of physical memory.
[resources:cfx-gomsty] Asset cfx-gomstyling-subpack-4/gstegt3_livery3.yft uses 32.0 MiB of physical memory.
[resources:cfx-gomsty] Asset cfx-gomstyling-subpack-4/gstegt3_livery4.yft uses 32.0 MiB of physical memory.
[resources:cfx-gomsty] Asset cfx-gomstyling-subpack-4/gstegt3_livery5.yft uses 32.0 MiB of physical memory.
[resources:cfx-gomsty] Asset cfx-gomstyling-subpack-4/gstegt3_livery6.yft uses 32.0 MiB of physical memory.
[resources:cfx-gomsty] Asset cfx-gomstyling-subpack-4/gstegt3_livery7.yft uses 32.0 MiB of physical memory.
[resources:cfx-gomsty] Asset cfx-gomstyling-subpack-4/gstegt3_livery8.yft uses 32.0 MiB of physical memory.
[resources:cfx-gomsty] Asset cfx-gomstyling-subpack-4/gstegt3_livery9.yft uses 32.0 MiB of physical memory.
[resources:cfx-gomsty] Asset cfx-gomstyling-subpack-4/gstelectron1_livery1.yft uses 32.0 MiB of physical memory.
[resources:cfx-gomsty] Asset cfx-gomstyling-subpack-4/gstelectron1_livery2.yft uses 32.0 MiB of physical memory.
[resources:cfx-gomsty] Asset cfx-gomstyling-subpack-4/gstelectron1_livery3.yft uses 32.0 MiB of physical memory.
[resources:cfx-gomsty] Asset cfx-gomstyling-subpack-4/gstelectron1_livery4.yft uses 32.0 MiB of physical memory.
[resources:cfx-gomsty] Asset cfx-gomstyling-subpack-4/gstelectron1_livery5.yft uses 32.0 MiB of physical memory.
[resources:cfx-gomsty] Asset cfx-gomstyling-subpack-4/gstelectron1_livery6.yft uses 32.0 MiB of physical memory.
[resources:cfx-gomsty] Asset cfx-gomstyling-subpack-4/gstelectron1_livery7.yft uses 32.0 MiB of physical memory.
[resources:cfx-gomsty] Asset cfx-gomstyling-subpack-4/gstetrk1.ytd uses 37.0 MiB of physical memory.
[resources:cfx-gomsty] Asset cfx-gomstyling-subpack-4/gstetrk1b.ytd uses 41.0 MiB of physical memory.
[resources:cfx-gomsty] Asset cfx-gomstyling-subpack-4/gstetrk1c.ytd uses 37.0 MiB of physical memory.
[resources:cfx-gomsty] Asset cfx-gomstyling-subpack-4/gstetrk1rpg.ytd uses 40.0 MiB of physical memory.
[resources:cfx-gomsty] Asset cfx-gomstyling-subpack-4/gstetrk5polng.ytd uses 18.8 MiB of physical memory.
[resources:cfx-gomsty] Asset cfx-gomstyling-subpack-4/gstfutors1_livery1.yft uses 32.0 MiB of physical memory.
[resources:cfx-gomsty] Asset cfx-gomstyling-subpack-4/gstfutors1_livery10.yft uses 32.0 MiB of physical memory.
[resources:cfx-gomsty] Asset cfx-gomstyling-subpack-4/gstfutors1_livery11.yft uses 32.0 MiB of physical memory.
[resources:cfx-gomsty] Asset cfx-gomstyling-subpack-4/gstfutors1_livery12.yft uses 32.0 MiB of physical memory.
[resources:cfx-gomsty] Asset cfx-gomstyling-subpack-4/gstfutors1_livery13.yft uses 32.0 MiB of physical memory.
[resources:cfx-gomsty] Asset cfx-gomstyling-subpack-4/gstfutors1_livery14.yft uses 32.0 MiB of physical memory.
[resources:cfx-gomsty] Asset cfx-gomstyling-subpack-4/gstfutors1_livery15.yft uses 32.0 MiB of physical memory.
[resources:cfx-gomsty] Asset cfx-gomstyling-subpack-4/gstfutors1_livery16.yft uses 32.0 MiB of physical memory.
[resources:cfx-gomsty] Asset cfx-gomstyling-subpack-4/gstfutors1_livery2.yft uses 32.0 MiB of physical memory.
[resources:cfx-gomsty] Asset cfx-gomstyling-subpack-4/gstfutors1_livery3.yft uses 32.0 MiB of physical memory.
[resources:cfx-gomsty] Asset cfx-gomstyling-subpack-4/gstfutors1_livery4.yft uses 32.0 MiB of physical memory.
[resources:cfx-gomsty] Asset cfx-gomstyling-subpack-4/gstfutors1_livery5.yft uses 32.0 MiB of physical memory.
[resources:cfx-gomsty] Asset cfx-gomstyling-subpack-4/gstfutors1_livery6.yft uses 32.0 MiB of physical memory.
[resources:cfx-gomsty] Asset cfx-gomstyling-subpack-4/gstfutors1_livery7.yft uses 32.0 MiB of physical memory.
[resources:cfx-gomsty] Asset cfx-gomstyling-subpack-4/gstfutors1_livery8.yft uses 32.0 MiB of physical memory.
[resources:cfx-gomsty] Asset cfx-gomstyling-subpack-4/gstfutors1_livery9.yft uses 32.0 MiB of physical memory.
[resources:cfx-gomsty] Asset cfx-gomstyling-subpack-4/gstgaunt2.ytd uses 24.0 MiB of physical memory.
[resources:cfx-gomsty] Asset cfx-gomstyling-subpack-4/gstgoose1.ytd uses 20.5 MiB of physical memory.
[resources:cfx-gomsty] Asset cfx-gomstyling-subpack-4/gstgoose1b.ytd uses 20.5 MiB of physical memory.
[resources:cfx-gomsty] Asset cfx-gomstyling-subpack-4/gstgoose1rpg.ytd uses 22.5 MiB of physical memory.
[resources:cfx-gomsty] Asset cfx-gomstyling-subpack-4/gstgrs1.ytd uses 39.0 MiB of physical memory.
[resources:cfx-gomsty] Asset cfx-gomstyling-subpack-4/gstgrs1b.ytd uses 39.0 MiB of physical memory.
[resources:cfx-gomsty] Asset cfx-gomstyling-subpack-4/gstgrs6polng.ytd uses 20.2 MiB of physical memory.
[           resources] Started resource cfx-gomstyling-subpack-4 (73 warnings)
[resources:cfx-gomsty] Asset cfx-gomstyling-subpack-5/gsthrn1.ytd uses 81.0 MiB of physical memory. Oversized assets can and WILL lead to streaming issues (such as models not loading/rendering).
[resources:cfx-gomsty] Asset cfx-gomstyling-subpack-5/gsthus_liv1.yft uses 32.0 MiB of physical memory.
[resources:cfx-gomsty] Asset cfx-gomstyling-subpack-5/gsthus_liv10.yft uses 32.0 MiB of physical memory.
[resources:cfx-gomsty] Asset cfx-gomstyling-subpack-5/gsthus_liv11.yft uses 32.0 MiB of physical memory.
[resources:cfx-gomsty] Asset cfx-gomstyling-subpack-5/gsthus_liv12.yft uses 32.0 MiB of physical memory.
[resources:cfx-gomsty] Asset cfx-gomstyling-subpack-5/gsthus_liv13.yft uses 32.0 MiB of physical memory.
[resources:cfx-gomsty] Asset cfx-gomstyling-subpack-5/gsthus_liv14.yft uses 32.0 MiB of physical memory.
[resources:cfx-gomsty] Asset cfx-gomstyling-subpack-5/gsthus_liv15.yft uses 32.0 MiB of physical memory.
[resources:cfx-gomsty] Asset cfx-gomstyling-subpack-5/gsthus_liv2.yft uses 32.0 MiB of physical memory.
[resources:cfx-gomsty] Asset cfx-gomstyling-subpack-5/gsthus_liv3.yft uses 32.0 MiB of physical memory.
[resources:cfx-gomsty] Asset cfx-gomstyling-subpack-5/gsthus_liv4.yft uses 32.0 MiB of physical memory.
[resources:cfx-gomsty] Asset cfx-gomstyling-subpack-5/gsthus_liv5.yft uses 32.0 MiB of physical memory.
[resources:cfx-gomsty] Asset cfx-gomstyling-subpack-5/gsthus_liv6.yft uses 32.0 MiB of physical memory.
[resources:cfx-gomsty] Asset cfx-gomstyling-subpack-5/gsthus_liv7.yft uses 32.0 MiB of physical memory.
[resources:cfx-gomsty] Asset cfx-gomstyling-subpack-5/gsthus_liv8.yft uses 32.0 MiB of physical memory.
[resources:cfx-gomsty] Asset cfx-gomstyling-subpack-5/gsthus_liv9.yft uses 32.0 MiB of physical memory.
[resources:cfx-gomsty] Asset cfx-gomstyling-subpack-5/gstign1.ytd uses 18.0 MiB of physical memory.
[resources:cfx-gomsty] Asset cfx-gomstyling-subpack-5/gstign2.ytd uses 33.0 MiB of physical memory.
[resources:cfx-gomsty] Asset cfx-gomstyling-subpack-5/gstimp1.ytd uses 22.0 MiB of physical memory.
[resources:cfx-gomsty] Asset cfx-gomstyling-subpack-5/gstimplx1.ytd uses 67.0 MiB of physical memory. Oversized assets can and WILL lead to streaming issues (such as models not loading/rendering).
[resources:cfx-gomsty] Asset cfx-gomstyling-subpack-5/gstingnt1.ytd uses 30.0 MiB of physical memory.
[resources:cfx-gomsty] Asset cfx-gomstyling-subpack-5/gstingnt1b.ytd uses 43.0 MiB of physical memory.
[resources:cfx-gomsty] Asset cfx-gomstyling-subpack-5/gstintrp1b_livery1.yft uses 32.0 MiB of physical memory.
[resources:cfx-gomsty] Asset cfx-gomstyling-subpack-5/gstintrp1b_livery2.yft uses 32.0 MiB of physical memory.
[resources:cfx-gomsty] Asset cfx-gomstyling-subpack-5/gstintrp1b_livery3.yft uses 32.0 MiB of physical memory.
[resources:cfx-gomsty] Asset cfx-gomstyling-subpack-5/gstintrp1b_livery4.yft uses 32.0 MiB of physical memory.
[resources:cfx-gomsty] Asset cfx-gomstyling-subpack-5/gstissic1.ytd uses 64.0 MiB of physical memory. Oversized assets can and WILL lead to streaming issues (such as models not loading/rendering).
[resources:cfx-gomsty] Asset cfx-gomstyling-subpack-5/gstjc1.ytd uses 96.0 MiB of physical memory. Oversized assets can and WILL lead to streaming issues (such as models not loading/rendering).
[resources:cfx-gomsty] Asset cfx-gomstyling-subpack-5/gstjc2.ytd uses 35.0 MiB of physical memory.
[resources:cfx-gomsty] Asset cfx-gomstyling-subpack-5/gstjrz1_Livery1_HKWorks.yft uses 64.0 MiB of physical memory. Oversized assets can and WILL lead to streaming issues (such as models not loading/rendering).
[resources:cfx-gomsty] Asset cfx-gomstyling-subpack-5/gstjrz1_Livery2_HKWorks.yft uses 64.0 MiB of physical memory. Oversized assets can and WILL lead to streaming issues (such as models not loading/rendering).
[resources:cfx-gomsty] Asset cfx-gomstyling-subpack-5/gstjrz1_Livery3_HKWorks.yft uses 64.0 MiB of physical memory. Oversized assets can and WILL lead to streaming issues (such as models not loading/rendering).
[resources:cfx-gomsty] Asset cfx-gomstyling-subpack-5/gstjrz1_Livery4_HKWorks.yft uses 64.0 MiB of physical memory. Oversized assets can and WILL lead to streaming issues (such as models not loading/rendering).
[resources:cfx-gomsty] Asset cfx-gomstyling-subpack-5/gstjrz1_Livery5_HKWorks.yft uses 64.0 MiB of physical memory. Oversized assets can and WILL lead to streaming issues (such as models not loading/rendering).
[resources:cfx-gomsty] Asset cfx-gomstyling-subpack-5/gstjrz1_Livery6_HKWorks.yft uses 64.0 MiB of physical memory. Oversized assets can and WILL lead to streaming issues (such as models not loading/rendering).
[resources:cfx-gomsty] Asset cfx-gomstyling-subpack-5/gstmon1.ytd uses 19.0 MiB of physical memory.
[resources:cfx-gomsty] Asset cfx-gomstyling-subpack-5/gstneon1.ytd uses 17.0 MiB of physical memory.
[resources:cfx-gomsty] Asset cfx-gomstyling-subpack-5/gstnex1.ytd uses 21.0 MiB of physical memory.
[resources:cfx-gomsty] Asset cfx-gomstyling-subpack-5/gstnex1b.ytd uses 21.0 MiB of physical memory.
[resources:cfx-gomsty] Asset cfx-gomstyling-subpack-5/gstns1.ytd uses 39.0 MiB of physical memory.
[resources:cfx-gomsty] Asset cfx-gomstyling-subpack-5/gstpaladingt_livery1.yft uses 32.0 MiB of physical memory.
[resources:cfx-gomsty] Asset cfx-gomstyling-subpack-5/gstpaladingt_livery10.yft uses 32.0 MiB of physical memory.
[resources:cfx-gomsty] Asset cfx-gomstyling-subpack-5/gstpaladingt_livery11.yft uses 32.0 MiB of physical memory.
[resources:cfx-gomsty] Asset cfx-gomstyling-subpack-5/gstpaladingt_livery12.yft uses 32.0 MiB of physical memory.
[resources:cfx-gomsty] Asset cfx-gomstyling-subpack-5/gstpaladingt_livery13.yft uses 32.0 MiB of physical memory.
[resources:cfx-gomsty] Asset cfx-gomstyling-subpack-5/gstpaladingt_livery14.yft uses 32.0 MiB of physical memory.
[resources:cfx-gomsty] Asset cfx-gomstyling-subpack-5/gstpaladingt_livery15.yft uses 32.0 MiB of physical memory.
[resources:cfx-gomsty] Asset cfx-gomstyling-subpack-5/gstpaladingt_livery16.yft uses 32.0 MiB of physical memory.
[resources:cfx-gomsty] Asset cfx-gomstyling-subpack-5/gstpaladingt_livery17.yft uses 32.0 MiB of physical memory.
[resources:cfx-gomsty] Asset cfx-gomstyling-subpack-5/gstpaladingt_livery18.yft uses 32.0 MiB of physical memory.
[resources:cfx-gomsty] Asset cfx-gomstyling-subpack-5/gstpaladingt_livery19.yft uses 32.0 MiB of physical memory.
[resources:cfx-gomsty] Asset cfx-gomstyling-subpack-5/gstpaladingt_livery2.yft uses 32.0 MiB of physical memory.
[resources:cfx-gomsty] Asset cfx-gomstyling-subpack-5/gstpaladingt_livery20.yft uses 32.0 MiB of physical memory.
[resources:cfx-gomsty] Asset cfx-gomstyling-subpack-5/gstpaladingt_livery21.yft uses 32.0 MiB of physical memory.
[resources:cfx-gomsty] Asset cfx-gomstyling-subpack-5/gstpaladingt_livery22.yft uses 32.0 MiB of physical memory.
[resources:cfx-gomsty] Asset cfx-gomstyling-subpack-5/gstpaladingt_livery23.yft uses 32.0 MiB of physical memory.
[resources:cfx-gomsty] Asset cfx-gomstyling-subpack-5/gstpaladingt_livery3.yft uses 32.0 MiB of physical memory.
[resources:cfx-gomsty] Asset cfx-gomstyling-subpack-5/gstpaladingt_livery4.yft uses 32.0 MiB of physical memory.
[resources:cfx-gomsty] Asset cfx-gomstyling-subpack-5/gstpaladingt_livery5.yft uses 32.0 MiB of physical memory.
[resources:cfx-gomsty] Asset cfx-gomstyling-subpack-5/gstpaladingt_livery6.yft uses 32.0 MiB of physical memory.
[resources:cfx-gomsty] Asset cfx-gomstyling-subpack-5/gstpaladingt_livery7.yft uses 32.0 MiB of physical memory.
[resources:cfx-gomsty] Asset cfx-gomstyling-subpack-5/gstpaladingt_livery8.yft uses 32.0 MiB of physical memory.
[resources:cfx-gomsty] Asset cfx-gomstyling-subpack-5/gstpaladingt_livery9.yft uses 32.0 MiB of physical memory.
[resources:cfx-gomsty] Asset cfx-gomstyling-subpack-5/gstpan1.ytd uses 43.0 MiB of physical memory.
[resources:cfx-gomsty] Asset cfx-gomstyling-subpack-5/gstparas1.ytd uses 49.0 MiB of physical memory. Oversized assets can and WILL lead to streaming issues (such as models not loading/rendering).
[resources:cfx-gomsty] Asset cfx-gomstyling-subpack-5/gstpmp1b.ytd uses 42.0 MiB of physical memory.
[           resources] Started resource cfx-gomstyling-subpack-5 (66 warnings)
[resources:cfx-gomsty] Asset cfx-gomstyling-subpack-6/gstpmp2b.ytd uses 42.0 MiB of physical memory.
[resources:cfx-gomsty] Asset cfx-gomstyling-subpack-6/gstpmp7polng.ytd uses 20.1 MiB of physical memory.
[resources:cfx-gomsty] Asset cfx-gomstyling-subpack-6/gstpmp7s1_livery1.yft uses 32.0 MiB of physical memory.
[resources:cfx-gomsty] Asset cfx-gomstyling-subpack-6/gstpmp7s1_livery10.yft uses 32.0 MiB of physical memory.
[resources:cfx-gomsty] Asset cfx-gomstyling-subpack-6/gstpmp7s1_livery11.yft uses 32.0 MiB of physical memory.
[resources:cfx-gomsty] Asset cfx-gomstyling-subpack-6/gstpmp7s1_livery12.yft uses 32.0 MiB of physical memory.
[resources:cfx-gomsty] Asset cfx-gomstyling-subpack-6/gstpmp7s1_livery2.yft uses 32.0 MiB of physical memory.
[resources:cfx-gomsty] Asset cfx-gomstyling-subpack-6/gstpmp7s1_livery3.yft uses 32.0 MiB of physical memory.
[resources:cfx-gomsty] Asset cfx-gomstyling-subpack-6/gstpmp7s1_livery4.yft uses 32.0 MiB of physical memory.
[resources:cfx-gomsty] Asset cfx-gomstyling-subpack-6/gstpmp7s1_livery5.yft uses 32.0 MiB of physical memory.
[resources:cfx-gomsty] Asset cfx-gomstyling-subpack-6/gstpmp7s1_livery6.yft uses 32.0 MiB of physical memory.
[resources:cfx-gomsty] Asset cfx-gomstyling-subpack-6/gstpmp7s1_livery7.yft uses 32.0 MiB of physical memory.
[resources:cfx-gomsty] Asset cfx-gomstyling-subpack-6/gstpmp7s1_livery8.yft uses 32.0 MiB of physical memory.
[resources:cfx-gomsty] Asset cfx-gomstyling-subpack-6/gstpmp7s1_livery9.yft uses 32.0 MiB of physical memory.
[resources:cfx-gomsty] Asset cfx-gomstyling-subpack-6/gstraid3.ytd uses 20.0 MiB of physical memory.
[resources:cfx-gomsty] Asset cfx-gomstyling-subpack-6/gstrema1_livery1.yft uses 32.0 MiB of physical memory.
[resources:cfx-gomsty] Asset cfx-gomstyling-subpack-6/gstrema1b_livery1.yft uses 32.0 MiB of physical memory.
[resources:cfx-gomsty] Asset cfx-gomstyling-subpack-6/gstrema1f_livery1.yft uses 32.0 MiB of physical memory.
[resources:cfx-gomsty] Asset cfx-gomstyling-subpack-6/gstrema1f_livery2.yft uses 32.0 MiB of physical memory.
[resources:cfx-gomsty] Asset cfx-gomstyling-subpack-6/gstrema1f_livery3.yft uses 32.0 MiB of physical memory.
[resources:cfx-gomsty] Asset cfx-gomstyling-subpack-6/gstrgt1.ytd uses 17.0 MiB of physical memory.
[resources:cfx-gomsty] Asset cfx-gomstyling-subpack-6/gstrgt1b.ytd uses 65.0 MiB of physical memory. Oversized assets can and WILL lead to streaming issues (such as models not loading/rendering).
[resources:cfx-gomsty] Asset cfx-gomstyling-subpack-6/gstrh51.ytd uses 34.0 MiB of physical memory.
[resources:cfx-gomsty] Asset cfx-gomstyling-subpack-6/gstrh5pm1_livery1.yft uses 32.0 MiB of physical memory.
[resources:cfx-gomsty] Asset cfx-gomstyling-subpack-6/gstrh5pm1_livery2.yft uses 32.0 MiB of physical memory.
[resources:cfx-gomsty] Asset cfx-gomstyling-subpack-6/gstrh5pm1_livery3.yft uses 32.0 MiB of physical memory.
[resources:cfx-gomsty] Asset cfx-gomstyling-subpack-6/gstrh5pm1_livery4.yft uses 32.0 MiB of physical memory.
[resources:cfx-gomsty] Asset cfx-gomstyling-subpack-6/gstrh5s1.ytd uses 24.0 MiB of physical memory.
[resources:cfx-gomsty] Asset cfx-gomstyling-subpack-6/gstrhi1.ytd uses 19.0 MiB of physical memory.
[resources:cfx-gomsty] Asset cfx-gomstyling-subpack-6/gsts121.ytd uses 33.0 MiB of physical memory.
[resources:cfx-gomsty] Asset cfx-gomstyling-subpack-6/gsts121b.ytd uses 36.0 MiB of physical memory.
[resources:cfx-gomsty] Asset cfx-gomstyling-subpack-6/gsts951.ytd uses 32.0 MiB of physical memory.
[resources:cfx-gomsty] Asset cfx-gomstyling-subpack-6/gsts951_liv1.yft uses 32.0 MiB of physical memory.
[resources:cfx-gomsty] Asset cfx-gomstyling-subpack-6/gsts951_liv2.yft uses 32.0 MiB of physical memory.
[resources:cfx-gomsty] Asset cfx-gomstyling-subpack-6/gsts951_liv3.yft uses 32.0 MiB of physical memory.
[resources:cfx-gomsty] Asset cfx-gomstyling-subpack-6/gsts951_liv4.yft uses 32.0 MiB of physical memory.
[resources:cfx-gomsty] Asset cfx-gomstyling-subpack-6/gstsadlt1.ytd uses 192.0 MiB of physical memory. Oversized assets can and WILL lead to streaming issues (such as models not loading/rendering).
[resources:cfx-gomsty] Asset cfx-gomstyling-subpack-6/gstsadlt1b.ytd uses 224.0 MiB of physical memory. Oversized assets can and WILL lead to streaming issues (such as models not loading/rendering).
[resources:cfx-gomsty] Asset cfx-gomstyling-subpack-6/gstsadlt1c.ytd uses 192.0 MiB of physical memory. Oversized assets can and WILL lead to streaming issues (such as models not loading/rendering).
[resources:cfx-gomsty] Asset cfx-gomstyling-subpack-6/gstsadlt1crpg.ytd uses 192.0 MiB of physical memory. Oversized assets can and WILL lead to streaming issues (such as models not loading/rendering).
[resources:cfx-gomsty] Asset cfx-gomstyling-subpack-6/gstsadlt1d.ytd uses 224.0 MiB of physical memory. Oversized assets can and WILL lead to streaming issues (such as models not loading/rendering).
[resources:cfx-gomsty] Asset cfx-gomstyling-subpack-6/gstsadlt2.ytd uses 192.0 MiB of physical memory. Oversized assets can and WILL lead to streaming issues (such as models not loading/rendering).
[           resources] Started resource cfx-gomstyling-subpack-6 (42 warnings)
[resources:cfx-gomsty] Asset cfx-gomstyling-subpack-7/gstsemxl1.ytd uses 39.0 MiB of physical memory.
[resources:cfx-gomsty] Asset cfx-gomstyling-subpack-7/gstsemxl1b.ytd uses 39.0 MiB of physical memory.
[resources:cfx-gomsty] Asset cfx-gomstyling-subpack-7/gstsemxl9polng.ytd uses 20.1 MiB of physical memory.
[resources:cfx-gomsty] Asset cfx-gomstyling-subpack-7/gstsentgtw1.ytd uses 21.5 MiB of physical memory.
[resources:cfx-gomsty] Asset cfx-gomstyling-subpack-7/gstsfubis1.ytd uses 33.0 MiB of physical memory.
[resources:cfx-gomsty] Asset cfx-gomstyling-subpack-7/gstsg71.ytd uses 22.0 MiB of physical memory.
[resources:cfx-gomsty] Asset cfx-gomstyling-subpack-7/gstsg72.ytd uses 22.0 MiB of physical memory.
[resources:cfx-gomsty] Asset cfx-gomstyling-subpack-7/gstsgr1_liv1.yft uses 32.0 MiB of physical memory.
[resources:cfx-gomsty] Asset cfx-gomstyling-subpack-7/gstsgr1_liv2.yft uses 32.0 MiB of physical memory.
[resources:cfx-gomsty] Asset cfx-gomstyling-subpack-7/gstsgr1_liv3.yft uses 32.0 MiB of physical memory.
[resources:cfx-gomsty] Asset cfx-gomstyling-subpack-7/gstsgr1_liv4.yft uses 32.0 MiB of physical memory.
[resources:cfx-gomsty] Asset cfx-gomstyling-subpack-7/gstsgr1_liv5.yft uses 32.0 MiB of physical memory.
[resources:cfx-gomsty] Asset cfx-gomstyling-subpack-7/gstsgr1_liv6.yft uses 32.0 MiB of physical memory.
[resources:cfx-gomsty] Asset cfx-gomstyling-subpack-7/gstsgr1_liv7.yft uses 32.0 MiB of physical memory.
[resources:cfx-gomsty] Asset cfx-gomstyling-subpack-7/gstslt1_livery1.yft uses 32.0 MiB of physical memory.
[resources:cfx-gomsty] Asset cfx-gomstyling-subpack-7/gstslt1_livery10.yft uses 32.0 MiB of physical memory.
[resources:cfx-gomsty] Asset cfx-gomstyling-subpack-7/gstslt1_livery11.yft uses 32.0 MiB of physical memory.
[resources:cfx-gomsty] Asset cfx-gomstyling-subpack-7/gstslt1_livery12.yft uses 32.0 MiB of physical memory.
[resources:cfx-gomsty] Asset cfx-gomstyling-subpack-7/gstslt1_livery13.yft uses 32.0 MiB of physical memory.
[resources:cfx-gomsty] Asset cfx-gomstyling-subpack-7/gstslt1_livery14.yft uses 32.0 MiB of physical memory.
[resources:cfx-gomsty] Asset cfx-gomstyling-subpack-7/gstslt1_livery15.yft uses 32.0 MiB of physical memory.
[resources:cfx-gomsty] Asset cfx-gomstyling-subpack-7/gstslt1_livery16.yft uses 32.0 MiB of physical memory.
[resources:cfx-gomsty] Asset cfx-gomstyling-subpack-7/gstslt1_livery17.yft uses 32.0 MiB of physical memory.
[resources:cfx-gomsty] Asset cfx-gomstyling-subpack-7/gstslt1_livery18.yft uses 32.0 MiB of physical memory.
[resources:cfx-gomsty] Asset cfx-gomstyling-subpack-7/gstslt1_livery19.yft uses 32.0 MiB of physical memory.
[resources:cfx-gomsty] Asset cfx-gomstyling-subpack-7/gstslt1_livery2.yft uses 32.0 MiB of physical memory.
[resources:cfx-gomsty] Asset cfx-gomstyling-subpack-7/gstslt1_livery20.yft uses 32.0 MiB of physical memory.
[resources:cfx-gomsty] Asset cfx-gomstyling-subpack-7/gstslt1_livery21.yft uses 32.0 MiB of physical memory.
[resources:cfx-gomsty] Asset cfx-gomstyling-subpack-7/gstslt1_livery22.yft uses 32.0 MiB of physical memory.
[resources:cfx-gomsty] Asset cfx-gomstyling-subpack-7/gstslt1_livery23.yft uses 32.0 MiB of physical memory.
[resources:cfx-gomsty] Asset cfx-gomstyling-subpack-7/gstslt1_livery24.yft uses 32.0 MiB of physical memory.
[resources:cfx-gomsty] Asset cfx-gomstyling-subpack-7/gstslt1_livery25.yft uses 32.0 MiB of physical memory.
[resources:cfx-gomsty] Asset cfx-gomstyling-subpack-7/gstslt1_livery26.yft uses 32.0 MiB of physical memory.
[resources:cfx-gomsty] Asset cfx-gomstyling-subpack-7/gstslt1_livery27.yft uses 32.0 MiB of physical memory.
[resources:cfx-gomsty] Asset cfx-gomstyling-subpack-7/gstslt1_livery3.yft uses 32.0 MiB of physical memory.
[resources:cfx-gomsty] Asset cfx-gomstyling-subpack-7/gstslt1_livery4.yft uses 32.0 MiB of physical memory.
[resources:cfx-gomsty] Asset cfx-gomstyling-subpack-7/gstslt1_livery5.yft uses 32.0 MiB of physical memory.
[resources:cfx-gomsty] Asset cfx-gomstyling-subpack-7/gstslt1_livery6.yft uses 32.0 MiB of physical memory.
[resources:cfx-gomsty] Asset cfx-gomstyling-subpack-7/gstslt1_livery7.yft uses 32.0 MiB of physical memory.
[resources:cfx-gomsty] Asset cfx-gomstyling-subpack-7/gstslt1_livery8.yft uses 32.0 MiB of physical memory.
[resources:cfx-gomsty] Asset cfx-gomstyling-subpack-7/gstslt1_livery9.yft uses 32.0 MiB of physical memory.
[resources:cfx-gomsty] Asset cfx-gomstyling-subpack-7/gstsulc1.ytd uses 66.0 MiB of physical memory. Oversized assets can and WILL lead to streaming issues (such as models not loading/rendering).
[resources:cfx-gomsty] Asset cfx-gomstyling-subpack-7/gstsulc1b.ytd uses 66.0 MiB of physical memory. Oversized assets can and WILL lead to streaming issues (such as models not loading/rendering).
[resources:cfx-gomsty] Asset cfx-gomstyling-subpack-7/gstsurf1.ytd uses 17.0 MiB of physical memory.
[resources:cfx-gomsty] Asset cfx-gomstyling-subpack-7/gstt203.ytd uses 24.0 MiB of physical memory.
[resources:cfx-gomsty] Asset cfx-gomstyling-subpack-7/gsttelos1.ytd uses 22.0 MiB of physical memory.
[resources:cfx-gomsty] Asset cfx-gomstyling-subpack-7/gstter11polng.ytd uses 17.5 MiB of physical memory.
[resources:cfx-gomsty] Asset cfx-gomstyling-subpack-7/gstter1b.ytd uses 24.0 MiB of physical memory.
[           resources] Started resource cfx-gomstyling-subpack-7 (48 warnings)
[resources:cfx-gomsty] Asset cfx-gomstyling-subpack-8/gsttorbull1.ytd uses 26.0 MiB of physical memory.
[resources:cfx-gomsty] Asset cfx-gomstyling-subpack-8/gsttorbull1b.ytd uses 44.0 MiB of physical memory.
[resources:cfx-gomsty] Asset cfx-gomstyling-subpack-8/gsttorle1.ytd uses 24.0 MiB of physical memory.
[resources:cfx-gomsty] Asset cfx-gomstyling-subpack-8/gsttorosxo1_livery1.yft uses 32.0 MiB of physical memory.
[resources:cfx-gomsty] Asset cfx-gomstyling-subpack-8/gsttorosxo1_livery10.yft uses 32.0 MiB of physical memory.
[resources:cfx-gomsty] Asset cfx-gomstyling-subpack-8/gsttorosxo1_livery11.yft uses 32.0 MiB of physical memory.
[resources:cfx-gomsty] Asset cfx-gomstyling-subpack-8/gsttorosxo1_livery12.yft uses 32.0 MiB of physical memory.
[resources:cfx-gomsty] Asset cfx-gomstyling-subpack-8/gsttorosxo1_livery13.yft uses 32.0 MiB of physical memory.
[resources:cfx-gomsty] Asset cfx-gomstyling-subpack-8/gsttorosxo1_livery2.yft uses 32.0 MiB of physical memory.
[resources:cfx-gomsty] Asset cfx-gomstyling-subpack-8/gsttorosxo1_livery3.yft uses 32.0 MiB of physical memory.
[resources:cfx-gomsty] Asset cfx-gomstyling-subpack-8/gsttorosxo1_livery4.yft uses 32.0 MiB of physical memory.
[resources:cfx-gomsty] Asset cfx-gomstyling-subpack-8/gsttorosxo1_livery5.yft uses 32.0 MiB of physical memory.
[resources:cfx-gomsty] Asset cfx-gomstyling-subpack-8/gsttorosxo1_livery6.yft uses 32.0 MiB of physical memory.
[resources:cfx-gomsty] Asset cfx-gomstyling-subpack-8/gsttorosxo1_livery7.yft uses 32.0 MiB of physical memory.
[resources:cfx-gomsty] Asset cfx-gomstyling-subpack-8/gsttorosxo1_livery8.yft uses 32.0 MiB of physical memory.
[resources:cfx-gomsty] Asset cfx-gomstyling-subpack-8/gsttorosxo1_livery9.yft uses 32.0 MiB of physical memory.
[resources:cfx-gomsty] Asset cfx-gomstyling-subpack-8/gsttrt1_liv1.yft uses 32.0 MiB of physical memory.
[resources:cfx-gomsty] Asset cfx-gomstyling-subpack-8/gsttrt1_liv2.yft uses 32.0 MiB of physical memory.
[resources:cfx-gomsty] Asset cfx-gomstyling-subpack-8/gsttrt1_liv3.yft uses 32.0 MiB of physical memory.
[resources:cfx-gomsty] Asset cfx-gomstyling-subpack-8/gsttrt1_liv4.yft uses 32.0 MiB of physical memory.
[resources:cfx-gomsty] Asset cfx-gomstyling-subpack-8/gsttrt1_liv5.yft uses 32.0 MiB of physical memory.
[resources:cfx-gomsty] Asset cfx-gomstyling-subpack-8/gsttrt1_liv6.yft uses 32.0 MiB of physical memory.
[resources:cfx-gomsty] Asset cfx-gomstyling-subpack-8/gsttul1_liv1.yft uses 32.0 MiB of physical memory.
[resources:cfx-gomsty] Asset cfx-gomstyling-subpack-8/gsttul1_liv2.yft uses 32.0 MiB of physical memory.
[resources:cfx-gomsty] Asset cfx-gomstyling-subpack-8/gsttul1_liv3.yft uses 32.0 MiB of physical memory.
[resources:cfx-gomsty] Asset cfx-gomstyling-subpack-8/gsttul1_liv4.yft uses 32.0 MiB of physical memory.
[resources:cfx-gomsty] Asset cfx-gomstyling-subpack-8/gsttul1_liv5.yft uses 32.0 MiB of physical memory.
[resources:cfx-gomsty] Asset cfx-gomstyling-subpack-8/gsttul1_liv6.yft uses 32.0 MiB of physical memory.
[resources:cfx-gomsty] Asset cfx-gomstyling-subpack-8/gsttul1_liv7.yft uses 32.0 MiB of physical memory.
[resources:cfx-gomsty] Asset cfx-gomstyling-subpack-8/gstturc1.ytd uses 87.0 MiB of physical memory. Oversized assets can and WILL lead to streaming issues (such as models not loading/rendering).
[resources:cfx-gomsty] Asset cfx-gomstyling-subpack-8/gsturan1.ytd uses 128.0 MiB of physical memory. Oversized assets can and WILL lead to streaming issues (such as models not loading/rendering).
[resources:cfx-gomsty] Asset cfx-gomstyling-subpack-8/gstvam2.yft uses 17.8 MiB of virtual memory.
[resources:cfx-gomsty] Asset cfx-gomstyling-subpack-8/gstvam2_hi.yft uses 17.8 MiB of virtual memory.
[resources:cfx-gomsty] Asset cfx-gomstyling-subpack-8/gstvam2_livery1.yft uses 32.0 MiB of physical memory.
[resources:cfx-gomsty] Asset cfx-gomstyling-subpack-8/gstvam2_livery2.yft uses 32.0 MiB of physical memory.
[resources:cfx-gomsty] Asset cfx-gomstyling-subpack-8/gstvam2_livery3.yft uses 32.0 MiB of physical memory.
[resources:cfx-gomsty] Asset cfx-gomstyling-subpack-8/gstvam2_livery4.yft uses 32.0 MiB of physical memory.
[resources:cfx-gomsty] Asset cfx-gomstyling-subpack-8/gstvam2_livery5.yft uses 32.0 MiB of physical memory.
[resources:cfx-gomsty] Asset cfx-gomstyling-subpack-8/gstveto1.ytd uses 35.0 MiB of physical memory.
[resources:cfx-gomsty] Asset cfx-gomstyling-subpack-8/gstvig1.ytd uses 30.0 MiB of physical memory.
[resources:cfx-gomsty] Asset cfx-gomstyling-subpack-8/gstvig2.ytd uses 27.0 MiB of physical memory.
[resources:cfx-gomsty] Asset cfx-gomstyling-subpack-8/gstvig3.ytd uses 27.0 MiB of physical memory.
[resources:cfx-gomsty] Asset cfx-gomstyling-subpack-8/gstvig4.ytd uses 27.0 MiB of physical memory.
[resources:cfx-gomsty] Asset cfx-gomstyling-subpack-8/gstvigzx8_livery1.yft uses 32.0 MiB of physical memory.
[resources:cfx-gomsty] Asset cfx-gomstyling-subpack-8/gstvir1.ytd uses 25.0 MiB of physical memory.
[resources:cfx-gomsty] Asset cfx-gomstyling-subpack-8/gsty152.yft uses 20.2 MiB of virtual memory.
[resources:cfx-gomsty] Asset cfx-gomstyling-subpack-8/gsty152_hi.yft uses 20.2 MiB of virtual memory.
[resources:cfx-gomsty] Asset cfx-gomstyling-subpack-8/gsty154d.ytd uses 17.5 MiB of physical memory.
[           resources] Started resource cfx-gomstyling-subpack-8 (48 warnings)
[resources:cfx-gomsty] Asset cfx-gomstyling-subpack-9/gstdel2.ytd uses 42.0 MiB of physical memory.
[resources:cfx-gomsty] Asset cfx-gomstyling-subpack-9/gstdomgt5.ytd uses 24.0 MiB of physical memory.
[resources:cfx-gomsty] Asset cfx-gomstyling-subpack-9/gstdomgtt2.ytd uses 19.8 MiB of physical memory.
[resources:cfx-gomsty] Asset cfx-gomstyling-subpack-9/gstegt2.ytd uses 24.0 MiB of physical memory.
[resources:cfx-gomsty] Asset cfx-gomstyling-subpack-9/gstfac2.ytd uses 41.0 MiB of physical memory.
[resources:cfx-gomsty] Asset cfx-gomstyling-subpack-9/gstgangaleutian1.ytd uses 35.0 MiB of physical memory.
[resources:cfx-gomsty] Asset cfx-gomstyling-subpack-9/gstmoc1_liv1.yft uses 32.0 MiB of physical memory.
[resources:cfx-gomsty] Asset cfx-gomstyling-subpack-9/gstmoc1_liv10.yft uses 32.0 MiB of physical memory.
[resources:cfx-gomsty] Asset cfx-gomstyling-subpack-9/gstmoc1_liv2.yft uses 32.0 MiB of physical memory.
[resources:cfx-gomsty] Asset cfx-gomstyling-subpack-9/gstmoc1_liv3.yft uses 32.0 MiB of physical memory.
[resources:cfx-gomsty] Asset cfx-gomstyling-subpack-9/gstmoc1_liv4.yft uses 32.0 MiB of physical memory.
[resources:cfx-gomsty] Asset cfx-gomstyling-subpack-9/gstmoc1_liv5.yft uses 32.0 MiB of physical memory.
[resources:cfx-gomsty] Asset cfx-gomstyling-subpack-9/gstmoc1_liv6.yft uses 32.0 MiB of physical memory.
[resources:cfx-gomsty] Asset cfx-gomstyling-subpack-9/gstmoc1_liv7.yft uses 32.0 MiB of physical memory.
[resources:cfx-gomsty] Asset cfx-gomstyling-subpack-9/gstmoc1_liv8.yft uses 32.0 MiB of physical memory.
[resources:cfx-gomsty] Asset cfx-gomstyling-subpack-9/gstmoc1_liv9.yft uses 32.0 MiB of physical memory.
[resources:cfx-gomsty] Asset cfx-gomstyling-subpack-9/gstwev2.ytd uses 64.0 MiB of physical memory. Oversized assets can and WILL lead to streaming issues (such as models not loading/rendering).
[resources:cfx-gomsty] Asset cfx-gomstyling-subpack-9/gstyxl1.ytd uses 34.0 MiB of physical memory.
[resources:cfx-gomsty] Asset cfx-gomstyling-subpack-9/gstyxl1b.ytd uses 37.0 MiB of physical memory.
[resources:cfx-gomsty] Asset cfx-gomstyling-subpack-9/gstyxl1brpg.ytd uses 39.0 MiB of physical memory.
[resources:cfx-gomsty] Asset cfx-gomstyling-subpack-9/gstzen1.ytd uses 18.0 MiB of physical memory.
[resources:cfx-gomsty] Asset cfx-gomstyling-subpack-9/gstzen2.ytd uses 22.0 MiB of physical memory.
[resources:cfx-gomsty] Asset cfx-gomstyling-subpack-9/gstzionc2.ytd uses 160.0 MiB of physical memory. Oversized assets can and WILL lead to streaming issues (such as models not loading/rendering).
[resources:cfx-gomsty] Asset cfx-gomstyling-subpack-9/gstzr3501.ytd uses 17.0 MiB of physical memory.
[resources:cfx-gomsty] Asset cfx-gomstyling-subpack-9/gstzr3502_liv1.yft uses 32.0 MiB of physical memory.
[resources:cfx-gomsty] Asset cfx-gomstyling-subpack-9/polgstbehf.ytd uses 52.0 MiB of physical memory. Oversized assets can and WILL lead to streaming issues (such as models not loading/rendering).
[resources:cfx-gomsty] Asset cfx-gomstyling-subpack-9/polgstcypt1.ytd uses 51.0 MiB of physical memory. Oversized assets can and WILL lead to streaming issues (such as models not loading/rendering).
[resources:cfx-gomsty] Asset cfx-gomstyling-subpack-9/polgstetrk1.ytd uses 55.0 MiB of physical memory. Oversized assets can and WILL lead to streaming issues (such as models not loading/rendering).
[resources:cfx-gomsty] Asset cfx-gomstyling-subpack-9/polgstgrs1.ytd uses 56.0 MiB of physical memory. Oversized assets can and WILL lead to streaming issues (such as models not loading/rendering).
[resources:cfx-gomsty] Asset cfx-gomstyling-subpack-9/polgstpmp1.ytd uses 56.0 MiB of physical memory. Oversized assets can and WILL lead to streaming issues (such as models not loading/rendering).
[resources:cfx-gomsty] Asset cfx-gomstyling-subpack-9/polgstsemxl1.ytd uses 57.0 MiB of physical memory. Oversized assets can and WILL lead to streaming issues (such as models not loading/rendering).
[resources:cfx-gomsty] Asset cfx-gomstyling-subpack-9/polgstter1.ytd uses 54.0 MiB of physical memory. Oversized assets can and WILL lead to streaming issues (such as models not loading/rendering).
[resources:cfx-gomsty] Asset cfx-gomstyling-subpack-9/polgstyxl1.ytd uses 52.0 MiB of physical memory. Oversized assets can and WILL lead to streaming issues (such as models not loading/rendering).
[           resources] Started resource cfx-gomstyling-subpack-9 (33 warnings)
[resources:crazy_hand] Warning: could not find file `data/**/**/vehiclelayouts_pigeon.meta` (defined in fxmanifest.lua:8)
[resources:crazy_hand] Warning: could not find file `data/**/**/vehiclelayouts_mrtasty.meta` (defined in fxmanifest.lua:8)
[resources:crazy_hand] Asset crazy_handling/rh7_liv_1.yft uses 32.0 MiB of physical memory.
[resources:crazy_hand] Asset crazy_handling/rh7_liv_10.yft uses 32.0 MiB of physical memory.
[resources:crazy_hand] Asset crazy_handling/rh7_liv_11.yft uses 32.0 MiB of physical memory.
[resources:crazy_hand] Asset crazy_handling/rh7_liv_13.yft uses 32.0 MiB of physical memory.
[resources:crazy_hand] Asset crazy_handling/rh7_liv_14.yft uses 32.0 MiB of physical memory.
[resources:crazy_hand] Asset crazy_handling/rh7_liv_17.yft uses 32.0 MiB of physical memory.
[resources:crazy_hand] Asset crazy_handling/rh7_liv_18.yft uses 32.0 MiB of physical memory.
[resources:crazy_hand] Asset crazy_handling/rh7_liv_19.yft uses 32.0 MiB of physical memory.
[resources:crazy_hand] Asset crazy_handling/rh7_liv_2.yft uses 32.0 MiB of physical memory.
[resources:crazy_hand] Asset crazy_handling/rh7_liv_20.yft uses 32.0 MiB of physical memory.
[resources:crazy_hand] Asset crazy_handling/rh7_liv_21.yft uses 32.0 MiB of physical memory.
[resources:crazy_hand] Asset crazy_handling/rh7_liv_23.yft uses 32.0 MiB of physical memory.
[resources:crazy_hand] Asset crazy_handling/rh7_liv_24.yft uses 32.0 MiB of physical memory.
[resources:crazy_hand] Asset crazy_handling/rh7_liv_25.yft uses 32.0 MiB of physical memory.
[resources:crazy_hand] Asset crazy_handling/rh7_liv_26.yft uses 32.0 MiB of physical memory.
[resources:crazy_hand] Asset crazy_handling/rh7_liv_27.yft uses 32.0 MiB of physical memory.
[resources:crazy_hand] Asset crazy_handling/rh7_liv_28.yft uses 32.0 MiB of physical memory.
[resources:crazy_hand] Asset crazy_handling/rh7_liv_29.yft uses 32.0 MiB of physical memory.
[resources:crazy_hand] Asset crazy_handling/rh7_liv_3.yft uses 32.0 MiB of physical memory.
[resources:crazy_hand] Asset crazy_handling/rh7_liv_30.yft uses 32.0 MiB of physical memory.
[resources:crazy_hand] Asset crazy_handling/rh7_liv_31.yft uses 32.0 MiB of physical memory.
[resources:crazy_hand] Asset crazy_handling/rh7_liv_32.yft uses 32.0 MiB of physical memory.
[resources:crazy_hand] Asset crazy_handling/rh7_liv_33.yft uses 32.0 MiB of physical memory.
[resources:crazy_hand] Asset crazy_handling/rh7_liv_34.yft uses 32.0 MiB of physical memory.
[resources:crazy_hand] Asset crazy_handling/rh7_liv_35.yft uses 32.0 MiB of physical memory.
[resources:crazy_hand] Asset crazy_handling/rh7_liv_36.yft uses 32.0 MiB of physical memory.
[resources:crazy_hand] Asset crazy_handling/rh7_liv_37.yft uses 32.0 MiB of physical memory.
[resources:crazy_hand] Asset crazy_handling/rh7_liv_38.yft uses 32.0 MiB of physical memory.
[resources:crazy_hand] Asset crazy_handling/rh7_liv_39.yft uses 32.0 MiB of physical memory.
[resources:crazy_hand] Asset crazy_handling/rh7_liv_4.yft uses 32.0 MiB of physical memory.
[resources:crazy_hand] Asset crazy_handling/rh7_liv_40.yft uses 32.0 MiB of physical memory.
[resources:crazy_hand] Asset crazy_handling/rh7_liv_41.yft uses 32.0 MiB of physical memory.
[resources:crazy_hand] Asset crazy_handling/rh7_liv_42.yft uses 32.0 MiB of physical memory.
[resources:crazy_hand] Asset crazy_handling/rh7_liv_43.yft uses 32.0 MiB of physical memory.
[resources:crazy_hand] Asset crazy_handling/rh7_liv_44.yft uses 32.0 MiB of physical memory.
[resources:crazy_hand] Asset crazy_handling/rh7_liv_45.yft uses 32.0 MiB of physical memory.
[resources:crazy_hand] Asset crazy_handling/rh7_liv_46.yft uses 32.0 MiB of physical memory.
[resources:crazy_hand] Asset crazy_handling/rh7_liv_47.yft uses 32.0 MiB of physical memory.
[resources:crazy_hand] Asset crazy_handling/rh7_liv_48.yft uses 32.0 MiB of physical memory.
[resources:crazy_hand] Asset crazy_handling/rh7_liv_49.yft uses 32.0 MiB of physical memory.
[resources:crazy_hand] Asset crazy_handling/rh7_liv_5.yft uses 32.0 MiB of physical memory.
[resources:crazy_hand] Asset crazy_handling/rh7_liv_50.yft uses 32.0 MiB of physical memory.
[resources:crazy_hand] Asset crazy_handling/rh7_liv_53.yft uses 32.0 MiB of physical memory.
[resources:crazy_hand] Asset crazy_handling/rh7_liv_54.yft uses 32.0 MiB of physical memory.
[resources:crazy_hand] Asset crazy_handling/rh7_liv_55.yft uses 32.0 MiB of physical memory.
[resources:crazy_hand] Asset crazy_handling/rh7_liv_56.yft uses 32.0 MiB of physical memory.
[resources:crazy_hand] Asset crazy_handling/rh7_liv_57.yft uses 32.0 MiB of physical memory.
[resources:crazy_hand] Asset crazy_handling/rh7_liv_6.yft uses 32.0 MiB of physical memory.
[resources:crazy_hand] Asset crazy_handling/rh7_liv_7.yft uses 32.0 MiB of physical memory.
[resources:crazy_hand] Asset crazy_handling/rh7_liv_8.yft uses 32.0 MiB of physical memory.
[resources:crazy_hand] Asset crazy_handling/rh7_liv_9.yft uses 32.0 MiB of physical memory.
[           resources] Started resource crazy_handling (53 warnings)
[           resources] Started resource gb_vehicles_a_to_m
[           resources] Started resource gb_vehicles_a_to_m2
[           resources] Started resource gb_vehicles_audio
[           resources] Started resource gb_vehicles_audio2
[           resources] Started resource gb_vehicles_n_to_z
[           resources] Started resource gb_vehicles_n_to_z2
[           resources] Started resource gb_vehicles_pd_ems
[ citizen-server-impl] You lack the required entitlement to use gb_vehicles_pd_ems2
[ citizen-server-impl] Couldn't start resource gb_vehicles_pd_ems2.
[    c-scripting-core] Creating script environments for onx-evp-a-shared
[           resources] Started resource onx-evp-a-shared
[    c-scripting-core] Creating script environments for onx-evp-b-lightbars
[           resources] Started resource onx-evp-b-lightbars
[    c-scripting-core] Creating script environments for onx-evp-b-livery-mods
[           resources] Started resource onx-evp-b-livery-mods
[    c-scripting-core] Creating script environments for onx-evp-b-wheels
[           resources] Started resource onx-evp-b-wheels
[    c-scripting-core] Creating script environments for onx-evp-c-ems-pack
[           resources] Started resource onx-evp-c-ems-pack
[    c-scripting-core] Creating script environments for onx-evp-c-pack
[           resources] Started resource onx-evp-c-pack
[    c-scripting-core] Creating script environments for onx-evp-c-pack2
[           resources] Started resource onx-evp-c-pack2
[           resources] Started resource Shift
[resources:basharam:s] Asset basharam/basharam^lowr_diff_006_a_uni.ytd uses 32.0 MiB of physical memory.
[resources:basharam:s] Asset basharam/basharam^lowr_diff_006_b_uni.ytd uses 32.0 MiB of physical memory.
[resources:basharam:s] Asset basharam/basharam^lowr_diff_006_c_uni.ytd uses 32.0 MiB of physical memory.
[           resources] Started resource basharam (3 warnings)
[    c-scripting-core] Creating script environments for cfx_onx_gov_clothing
[           resources] Started resource cfx_onx_gov_clothing
[           resources] Started resource pw_andreas
[resources:pw_diyo:st] Asset pw_diyo/pw_diyo^teef_013_u.ydd uses 28.0 MiB of virtual memory.
[           resources] Started resource pw_diyo (1 warning)
[           resources] Started resource pw_hao
[           resources] Started resource pw_jean
[           resources] Started resource pw_pballas
[           resources] Started resource pw_sean
[resources:six_dpd1:s] Asset six_dpd1/six_dpd1.ytd uses 17.0 MiB of physical memory.
[           resources] Started resource six_dpd1 (1 warning)
[resources:six_kenjir] Asset six_kenjiro/six_kenjiro^accs_008_u.ydd uses 32.0 MiB of physical memory.
[resources:six_kenjir] Asset six_kenjiro/six_kenjiro^accs_009_u.ydd uses 32.0 MiB of physical memory.
[resources:six_kenjir] Asset six_kenjiro/six_kenjiro^hand_001_u.ydd uses 24.0 MiB of physical memory.
[resources:six_kenjir] Asset six_kenjiro/six_kenjiro^teef_005_u.ydd uses 32.0 MiB of physical memory.
[resources:six_kenjir] Asset six_kenjiro/six_kenjiro^teef_006_u.ydd uses 32.0 MiB of physical memory.
[           resources] Started resource six_kenjiro (5 warnings)
[resources:sixterry:s] Asset sixterry/sixterry.ytd uses 29.0 MiB of physical memory.
[           resources] Started resource sixterry (1 warning)
[           resources] Started resource tung
[resources:zpack_1:st] Asset zpack_1/mp_f_freemode_01_mp_f_zpack_1^decl_diff_000_d_uni.ytd uses 32.0 MiB of physical memory.
[resources:zpack_1:st] Asset zpack_1/mp_f_freemode_01_mp_f_zpack_1^jbib_diff_124_d_uni.ytd uses 32.0 MiB of physical memory.
[resources:zpack_1:st] Asset zpack_1/mp_f_freemode_01_mp_f_zpack_1^lowr_027_u.ydd uses 24.0 MiB of virtual memory.
[resources:zpack_1:st] Asset zpack_1/mp_f_freemode_01_mp_f_zpack_1^lowr_diff_023_a_uni.ytd uses 32.0 MiB of physical memory.
[resources:zpack_1:st] Asset zpack_1/mp_m_freemode_01_mp_m_zpack_1^decl_023_u.ydd uses 32.0 MiB of physical memory.
[resources:zpack_1:st] Asset zpack_1/mp_m_freemode_01_mp_m_zpack_1^jbib_052_u.ydd uses 24.0 MiB of virtual memory.
[resources:zpack_1:st] Asset zpack_1/mp_m_freemode_01_mp_m_zpack_1^jbib_074_u.ydd uses 24.0 MiB of virtual memory.
[resources:zpack_1:st] Asset zpack_1/mp_m_freemode_01_mp_m_zpack_1^jbib_diff_022_a_uni.ytd uses 32.0 MiB of physical memory.
[resources:zpack_1:st] Asset zpack_1/mp_m_freemode_01_mp_m_zpack_1^jbib_diff_022_b_uni.ytd uses 32.0 MiB of physical memory.
[resources:zpack_1:st] Asset zpack_1/mp_m_freemode_01_mp_m_zpack_1^jbib_diff_036_a_uni.ytd uses 32.0 MiB of physical memory.
[resources:zpack_1:st] Asset zpack_1/mp_m_freemode_01_mp_m_zpack_1^jbib_diff_036_b_uni.ytd uses 32.0 MiB of physical memory.
[resources:zpack_1:st] Asset zpack_1/mp_m_freemode_01_mp_m_zpack_1^jbib_diff_036_c_uni.ytd uses 32.0 MiB of physical memory.
[resources:zpack_1:st] Asset zpack_1/mp_m_freemode_01_mp_m_zpack_1^jbib_diff_036_d_uni.ytd uses 32.0 MiB of physical memory.
[resources:zpack_1:st] Asset zpack_1/mp_m_freemode_01_mp_m_zpack_1^jbib_diff_111_a_uni.ytd uses 32.0 MiB of physical memory.
[resources:zpack_1:st] Asset zpack_1/mp_m_freemode_01_mp_m_zpack_1^lowr_diff_022_c_uni.ytd uses 32.0 MiB of physical memory.
[resources:zpack_1:st] Asset zpack_1/mp_m_freemode_01_mp_m_zpack_1^lowr_diff_094_d_uni.ytd uses 32.0 MiB of physical memory.
[           resources] Started resource zpack_1 (16 warnings)
[resources:zpack_2:st] Asset zpack_2/mp_f_freemode_01_mp_f_zpack_2^accs_diff_008_a_uni.ytd uses 32.0 MiB of physical memory.
[resources:zpack_2:st] Asset zpack_2/mp_f_freemode_01_mp_f_zpack_2^accs_diff_075_a_uni.ytd uses 32.0 MiB of physical memory.
[resources:zpack_2:st] Asset zpack_2/mp_f_freemode_01_mp_f_zpack_2^accs_diff_075_b_uni.ytd uses 32.0 MiB of physical memory.
[resources:zpack_2:st] Asset zpack_2/mp_f_freemode_01_mp_f_zpack_2^accs_diff_075_c_uni.ytd uses 32.0 MiB of physical memory.
[resources:zpack_2:st] Asset zpack_2/mp_f_freemode_01_mp_f_zpack_2^accs_diff_075_d_uni.ytd uses 32.0 MiB of physical memory.
[resources:zpack_2:st] Asset zpack_2/mp_f_freemode_01_mp_f_zpack_2^accs_diff_075_e_uni.ytd uses 32.0 MiB of physical memory.
[resources:zpack_2:st] Asset zpack_2/mp_f_freemode_01_mp_f_zpack_2^accs_diff_075_f_uni.ytd uses 32.0 MiB of physical memory.
[resources:zpack_2:st] Asset zpack_2/mp_f_freemode_01_mp_f_zpack_2^accs_diff_075_g_uni.ytd uses 32.0 MiB of physical memory.
[resources:zpack_2:st] Asset zpack_2/mp_f_freemode_01_mp_f_zpack_2^accs_diff_086_c_uni.ytd uses 32.0 MiB of physical memory.
[resources:zpack_2:st] Asset zpack_2/mp_f_freemode_01_mp_f_zpack_2^hand_043_u.ydd uses 32.0 MiB of virtual memory.
[resources:zpack_2:st] Asset zpack_2/mp_f_freemode_01_mp_f_zpack_2^hand_diff_002_d_uni.ytd uses 32.0 MiB of physical memory.
[resources:zpack_2:st] Asset zpack_2/mp_f_freemode_01_mp_f_zpack_2^task_009_u.ydd uses 32.0 MiB of virtual memory.
[resources:zpack_2:st] Asset zpack_2/mp_f_freemode_01_mp_f_zpack_2^task_013_u.ydd uses 24.0 MiB of virtual memory.
[resources:zpack_2:st] Asset zpack_2/mp_f_freemode_01_mp_f_zpack_2^task_022_u.ydd uses 32.0 MiB of virtual memory.
[resources:zpack_2:st] Asset zpack_2/mp_f_freemode_01_mp_f_zpack_2^teef_056_u.ydd uses 32.0 MiB of physical memory.
[resources:zpack_2:st] Asset zpack_2/mp_f_freemode_01_mp_f_zpack_2^teef_057_u.ydd uses 32.0 MiB of virtual memory.
[resources:zpack_2:st] Asset zpack_2/mp_f_freemode_01_mp_f_zpack_2^teef_065_u.ydd uses 24.0 MiB of virtual memory.
[resources:zpack_2:st] Asset zpack_2/mp_f_freemode_01_mp_f_zpack_2^teef_092_u.ydd uses 32.0 MiB of physical memory.
[resources:zpack_2:st] Asset zpack_2/mp_f_freemode_01_mp_f_zpack_2^teef_diff_001_d_uni.ytd uses 32.0 MiB of physical memory.
[resources:zpack_2:st] Asset zpack_2/mp_m_freemode_01_mp_m_zpack_2^accs_diff_004_a_uni.ytd uses 32.0 MiB of physical memory.
[resources:zpack_2:st] Asset zpack_2/mp_m_freemode_01_mp_m_zpack_2^accs_diff_004_b_uni.ytd uses 32.0 MiB of physical memory.
[resources:zpack_2:st] Asset zpack_2/mp_m_freemode_01_mp_m_zpack_2^accs_diff_004_c_uni.ytd uses 32.0 MiB of physical memory.
[resources:zpack_2:st] Asset zpack_2/mp_m_freemode_01_mp_m_zpack_2^accs_diff_006_a_uni.ytd uses 32.0 MiB of physical memory.
[resources:zpack_2:st] Asset zpack_2/mp_m_freemode_01_mp_m_zpack_2^accs_diff_006_b_uni.ytd uses 32.0 MiB of physical memory.
[resources:zpack_2:st] Asset zpack_2/mp_m_freemode_01_mp_m_zpack_2^accs_diff_006_c_uni.ytd uses 32.0 MiB of physical memory.
[resources:zpack_2:st] Asset zpack_2/mp_m_freemode_01_mp_m_zpack_2^accs_diff_007_a_uni.ytd uses 32.0 MiB of physical memory.
[resources:zpack_2:st] Asset zpack_2/mp_m_freemode_01_mp_m_zpack_2^accs_diff_007_b_uni.ytd uses 32.0 MiB of physical memory.
[resources:zpack_2:st] Asset zpack_2/mp_m_freemode_01_mp_m_zpack_2^accs_diff_007_c_uni.ytd uses 32.0 MiB of physical memory.
[resources:zpack_2:st] Asset zpack_2/mp_m_freemode_01_mp_m_zpack_2^accs_diff_009_a_uni.ytd uses 32.0 MiB of physical memory.
[resources:zpack_2:st] Asset zpack_2/mp_m_freemode_01_mp_m_zpack_2^accs_diff_009_b_uni.ytd uses 32.0 MiB of physical memory.
[resources:zpack_2:st] Asset zpack_2/mp_m_freemode_01_mp_m_zpack_2^accs_diff_010_a_uni.ytd uses 32.0 MiB of physical memory.
[resources:zpack_2:st] Asset zpack_2/mp_m_freemode_01_mp_m_zpack_2^accs_diff_011_a_uni.ytd uses 32.0 MiB of physical memory.
[resources:zpack_2:st] Asset zpack_2/mp_m_freemode_01_mp_m_zpack_2^accs_diff_011_b_uni.ytd uses 32.0 MiB of physical memory.
[resources:zpack_2:st] Asset zpack_2/mp_m_freemode_01_mp_m_zpack_2^accs_diff_011_c_uni.ytd uses 32.0 MiB of physical memory.
[resources:zpack_2:st] Asset zpack_2/mp_m_freemode_01_mp_m_zpack_2^accs_diff_011_d_uni.ytd uses 32.0 MiB of physical memory.
[resources:zpack_2:st] Asset zpack_2/mp_m_freemode_01_mp_m_zpack_2^accs_diff_011_e_uni.ytd uses 32.0 MiB of physical memory.
[resources:zpack_2:st] Asset zpack_2/mp_m_freemode_01_mp_m_zpack_2^accs_diff_011_f_uni.ytd uses 32.0 MiB of physical memory.
[resources:zpack_2:st] Asset zpack_2/mp_m_freemode_01_mp_m_zpack_2^accs_diff_011_g_uni.ytd uses 32.0 MiB of physical memory.
[resources:zpack_2:st] Asset zpack_2/mp_m_freemode_01_mp_m_zpack_2^hand_046_u.ydd uses 32.0 MiB of virtual memory.
[resources:zpack_2:st] Asset zpack_2/mp_m_freemode_01_mp_m_zpack_2^jbib_diff_002_a_uni.ytd uses 32.0 MiB of physical memory.
[resources:zpack_2:st] Asset zpack_2/mp_m_freemode_01_mp_m_zpack_2^jbib_diff_002_b_uni.ytd uses 32.0 MiB of physical memory.
[resources:zpack_2:st] Asset zpack_2/mp_m_freemode_01_mp_m_zpack_2^jbib_diff_002_c_uni.ytd uses 32.0 MiB of physical memory.
[resources:zpack_2:st] Asset zpack_2/mp_m_freemode_01_mp_m_zpack_2^jbib_diff_002_h_uni.ytd uses 64.0 MiB of physical memory. Oversized assets can and WILL lead to streaming issues (such as models not loading/rendering).
[resources:zpack_2:st] Asset zpack_2/mp_m_freemode_01_mp_m_zpack_2^jbib_diff_002_i_uni.ytd uses 64.0 MiB of physical memory. Oversized assets can and WILL lead to streaming issues (such as models not loading/rendering).
[resources:zpack_2:st] Asset zpack_2/mp_m_freemode_01_mp_m_zpack_2^jbib_diff_002_k_uni.ytd uses 64.0 MiB of physical memory. Oversized assets can and WILL lead to streaming issues (such as models not loading/rendering).
[resources:zpack_2:st] Asset zpack_2/mp_m_freemode_01_mp_m_zpack_2^lowr_026_u.ydd uses 32.0 MiB of physical memory.
[resources:zpack_2:st] Asset zpack_2/mp_m_freemode_01_mp_m_zpack_2^lowr_diff_053_a_whi.ytd uses 32.0 MiB of physical memory.
[resources:zpack_2:st] Asset zpack_2/mp_m_freemode_01_mp_m_zpack_2^lowr_diff_053_b_whi.ytd uses 32.0 MiB of physical memory.
[resources:zpack_2:st] Asset zpack_2/mp_m_freemode_01_mp_m_zpack_2^lowr_diff_056_a_uni.ytd uses 32.0 MiB of physical memory.
[resources:zpack_2:st] Asset zpack_2/mp_m_freemode_01_mp_m_zpack_2^lowr_diff_060_a_uni.ytd uses 32.0 MiB of physical memory.
[resources:zpack_2:st] Asset zpack_2/mp_m_freemode_01_mp_m_zpack_2^lowr_diff_060_b_uni.ytd uses 32.0 MiB of physical memory.
[resources:zpack_2:st] Asset zpack_2/mp_m_freemode_01_mp_m_zpack_2^lowr_diff_060_c_uni.ytd uses 32.0 MiB of physical memory.
[resources:zpack_2:st] Asset zpack_2/mp_m_freemode_01_mp_m_zpack_2^lowr_diff_061_a_uni.ytd uses 32.0 MiB of physical memory.
[resources:zpack_2:st] Asset zpack_2/mp_m_freemode_01_mp_m_zpack_2^lowr_diff_061_b_uni.ytd uses 32.0 MiB of physical memory.
[resources:zpack_2:st] Asset zpack_2/mp_m_freemode_01_mp_m_zpack_2^lowr_diff_061_c_uni.ytd uses 32.0 MiB of physical memory.
[resources:zpack_2:st] Asset zpack_2/mp_m_freemode_01_mp_m_zpack_2^lowr_diff_066_a_uni.ytd uses 32.0 MiB of physical memory.
[resources:zpack_2:st] Asset zpack_2/mp_m_freemode_01_mp_m_zpack_2^lowr_diff_066_b_uni.ytd uses 32.0 MiB of physical memory.
[resources:zpack_2:st] Asset zpack_2/mp_m_freemode_01_mp_m_zpack_2^lowr_diff_067_b_uni.ytd uses 32.0 MiB of physical memory.
[resources:zpack_2:st] Asset zpack_2/mp_m_freemode_01_mp_m_zpack_2^lowr_diff_067_c_uni.ytd uses 32.0 MiB of physical memory.
[resources:zpack_2:st] Asset zpack_2/mp_m_freemode_01_mp_m_zpack_2^lowr_diff_067_d_uni.ytd uses 32.0 MiB of physical memory.
[resources:zpack_2:st] Asset zpack_2/mp_m_freemode_01_mp_m_zpack_2^lowr_diff_067_e_uni.ytd uses 32.0 MiB of physical memory.
[resources:zpack_2:st] Asset zpack_2/mp_m_freemode_01_mp_m_zpack_2^lowr_diff_067_f_uni.ytd uses 32.0 MiB of physical memory.
[resources:zpack_2:st] Asset zpack_2/mp_m_freemode_01_mp_m_zpack_2^lowr_diff_068_a_uni.ytd uses 32.0 MiB of physical memory.
[resources:zpack_2:st] Asset zpack_2/mp_m_freemode_01_mp_m_zpack_2^lowr_diff_068_b_uni.ytd uses 32.0 MiB of physical memory.
[resources:zpack_2:st] Asset zpack_2/mp_m_freemode_01_mp_m_zpack_2^lowr_diff_068_c_uni.ytd uses 32.0 MiB of physical memory.
[resources:zpack_2:st] Asset zpack_2/mp_m_freemode_01_mp_m_zpack_2^lowr_diff_068_d_uni.ytd uses 32.0 MiB of physical memory.
[resources:zpack_2:st] Asset zpack_2/mp_m_freemode_01_mp_m_zpack_2^lowr_diff_068_e_uni.ytd uses 32.0 MiB of physical memory.
[resources:zpack_2:st] Asset zpack_2/mp_m_freemode_01_mp_m_zpack_2^lowr_diff_070_c_whi.ytd uses 32.0 MiB of physical memory.
[resources:zpack_2:st] Asset zpack_2/mp_m_freemode_01_mp_m_zpack_2^lowr_diff_070_d_whi.ytd uses 32.0 MiB of physical memory.
[resources:zpack_2:st] Asset zpack_2/mp_m_freemode_01_mp_m_zpack_2^lowr_diff_070_e_whi.ytd uses 32.0 MiB of physical memory.
[resources:zpack_2:st] Asset zpack_2/mp_m_freemode_01_mp_m_zpack_2^lowr_diff_071_a_whi.ytd uses 32.0 MiB of physical memory.
[resources:zpack_2:st] Asset zpack_2/mp_m_freemode_01_mp_m_zpack_2^lowr_diff_071_b_whi.ytd uses 32.0 MiB of physical memory.
[resources:zpack_2:st] Asset zpack_2/mp_m_freemode_01_mp_m_zpack_2^lowr_diff_071_c_whi.ytd uses 32.0 MiB of physical memory.
[resources:zpack_2:st] Asset zpack_2/mp_m_freemode_01_mp_m_zpack_2^lowr_diff_071_d_whi.ytd uses 32.0 MiB of physical memory.
[resources:zpack_2:st] Asset zpack_2/mp_m_freemode_01_mp_m_zpack_2^lowr_diff_071_e_whi.ytd uses 32.0 MiB of physical memory.
[resources:zpack_2:st] Asset zpack_2/mp_m_freemode_01_mp_m_zpack_2^lowr_diff_072_a_whi.ytd uses 32.0 MiB of physical memory.
[resources:zpack_2:st] Asset zpack_2/mp_m_freemode_01_mp_m_zpack_2^lowr_diff_072_b_whi.ytd uses 32.0 MiB of physical memory.
[resources:zpack_2:st] Asset zpack_2/mp_m_freemode_01_mp_m_zpack_2^lowr_diff_072_c_whi.ytd uses 32.0 MiB of physical memory.
[resources:zpack_2:st] Asset zpack_2/mp_m_freemode_01_mp_m_zpack_2^lowr_diff_072_d_whi.ytd uses 32.0 MiB of physical memory.
[resources:zpack_2:st] Asset zpack_2/mp_m_freemode_01_mp_m_zpack_2^lowr_diff_072_e_whi.ytd uses 32.0 MiB of physical memory.
[resources:zpack_2:st] Asset zpack_2/mp_m_freemode_01_mp_m_zpack_2^lowr_diff_073_a_uni.ytd uses 32.0 MiB of physical memory.
[resources:zpack_2:st] Asset zpack_2/mp_m_freemode_01_mp_m_zpack_2^lowr_diff_073_b_uni.ytd uses 32.0 MiB of physical memory.
[resources:zpack_2:st] Asset zpack_2/mp_m_freemode_01_mp_m_zpack_2^lowr_diff_073_c_uni.ytd uses 32.0 MiB of physical memory.
[resources:zpack_2:st] Asset zpack_2/mp_m_freemode_01_mp_m_zpack_2^lowr_diff_074_a_whi.ytd uses 32.0 MiB of physical memory.
[resources:zpack_2:st] Asset zpack_2/mp_m_freemode_01_mp_m_zpack_2^lowr_diff_074_b_whi.ytd uses 32.0 MiB of physical memory.
[resources:zpack_2:st] Asset zpack_2/mp_m_freemode_01_mp_m_zpack_2^lowr_diff_074_c_whi.ytd uses 32.0 MiB of physical memory.
[resources:zpack_2:st] Asset zpack_2/mp_m_freemode_01_mp_m_zpack_2^lowr_diff_074_d_whi.ytd uses 32.0 MiB of physical memory.
[resources:zpack_2:st] Asset zpack_2/mp_m_freemode_01_mp_m_zpack_2^lowr_diff_074_e_whi.ytd uses 32.0 MiB of physical memory.
[resources:zpack_2:st] Asset zpack_2/mp_m_freemode_01_mp_m_zpack_2^lowr_diff_074_f_whi.ytd uses 32.0 MiB of physical memory.
[resources:zpack_2:st] Asset zpack_2/mp_m_freemode_01_mp_m_zpack_2^lowr_diff_074_g_whi.ytd uses 32.0 MiB of physical memory.
[resources:zpack_2:st] Asset zpack_2/mp_m_freemode_01_mp_m_zpack_2^lowr_diff_075_a_whi.ytd uses 32.0 MiB of physical memory.
[resources:zpack_2:st] Asset zpack_2/mp_m_freemode_01_mp_m_zpack_2^lowr_diff_101_a_uni.ytd uses 32.0 MiB of physical memory.
[resources:zpack_2:st] Asset zpack_2/mp_m_freemode_01_mp_m_zpack_2^lowr_diff_101_b_uni.ytd uses 32.0 MiB of physical memory.
[resources:zpack_2:st] Asset zpack_2/mp_m_freemode_01_mp_m_zpack_2^lowr_diff_101_c_uni.ytd uses 32.0 MiB of physical memory.
[resources:zpack_2:st] Asset zpack_2/mp_m_freemode_01_mp_m_zpack_2^teef_021_u.ydd uses 24.0 MiB of virtual memory.
[           resources] Started resource zpack_2 (95 warnings)
[resources:zpack_3:st] Asset zpack_3/mp_f_freemode_01_mp_f_zpack_3^accs_diff_020_a_uni.ytd uses 32.0 MiB of physical memory.
[resources:zpack_3:st] Asset zpack_3/mp_f_freemode_01_mp_f_zpack_3^hair_diff_011_a_uni.ytd uses 32.0 MiB of physical memory.
[resources:zpack_3:st] Asset zpack_3/mp_f_freemode_01_mp_f_zpack_3^jbib_071_u.ydd uses 32.0 MiB of physical memory.
[resources:zpack_3:st] Asset zpack_3/mp_m_freemode_01_mp_m_zpack_3^hair_099_u.ydd uses 32.0 MiB of virtual memory.
[resources:zpack_3:st] Asset zpack_3/mp_m_freemode_01_mp_m_zpack_3^hair_107_u.ydd uses 24.0 MiB of virtual memory.
[resources:zpack_3:st] Asset zpack_3/mp_m_freemode_01_mp_m_zpack_3^hair_diff_105_a_uni.ytd uses 32.0 MiB of physical memory.
[resources:zpack_3:st] Asset zpack_3/mp_m_freemode_01_mp_m_zpack_3^jbib_003_u.ydd uses 32.0 MiB of virtual memory.
[resources:zpack_3:st] Asset zpack_3/mp_m_freemode_01_mp_m_zpack_3^jbib_005_u.ydd uses 24.0 MiB of virtual memory.
[resources:zpack_3:st] Asset zpack_3/mp_m_freemode_01_mp_m_zpack_3^jbib_106_u.ydd uses 16.1 MiB of physical memory.
[resources:zpack_3:st] Asset zpack_3/mp_m_freemode_01_mp_m_zpack_3^jbib_diff_079_a_uni.ytd uses 32.0 MiB of physical memory.
[resources:zpack_3:st] Asset zpack_3/mp_m_freemode_01_mp_m_zpack_3^jbib_diff_079_b_uni.ytd uses 32.0 MiB of physical memory.
[resources:zpack_3:st] Asset zpack_3/mp_m_freemode_01_mp_m_zpack_3^jbib_diff_079_c_uni.ytd uses 32.0 MiB of physical memory.
[resources:zpack_3:st] Asset zpack_3/mp_m_freemode_01_mp_m_zpack_3^jbib_diff_114_a_uni.ytd uses 32.0 MiB of physical memory.
[resources:zpack_3:st] Asset zpack_3/mp_m_freemode_01_mp_m_zpack_3^jbib_diff_114_b_uni.ytd uses 32.0 MiB of physical memory.
[resources:zpack_3:st] Asset zpack_3/mp_m_freemode_01_mp_m_zpack_3^jbib_diff_114_c_uni.ytd uses 32.0 MiB of physical memory.
[resources:zpack_3:st] Asset zpack_3/mp_m_freemode_01_mp_m_zpack_3^jbib_diff_114_d_uni.ytd uses 32.0 MiB of physical memory.
[resources:zpack_3:st] Asset zpack_3/mp_m_freemode_01_mp_m_zpack_3^jbib_diff_114_e_uni.ytd uses 32.0 MiB of physical memory.
[resources:zpack_3:st] Asset zpack_3/mp_m_freemode_01_mp_m_zpack_3^jbib_diff_114_f_uni.ytd uses 32.0 MiB of physical memory.
[resources:zpack_3:st] Asset zpack_3/mp_m_freemode_01_mp_m_zpack_3^jbib_diff_114_g_uni.ytd uses 32.0 MiB of physical memory.
[resources:zpack_3:st] Asset zpack_3/mp_m_freemode_01_mp_m_zpack_3^jbib_diff_114_h_uni.ytd uses 32.0 MiB of physical memory.
[           resources] Started resource zpack_3 (20 warnings)
[resources:zpack_4:st] Asset zpack_4/mp_m_freemode_01_mp_m_zpack_4^berd_diff_006_a_uni.ytd uses 32.0 MiB of physical memory.
[resources:zpack_4:st] Asset zpack_4/mp_m_freemode_01_mp_m_zpack_4^berd_diff_007_a_uni.ytd uses 32.0 MiB of physical memory.
[resources:zpack_4:st] Asset zpack_4/mp_m_freemode_01_mp_m_zpack_4^berd_diff_007_b_uni.ytd uses 32.0 MiB of physical memory.
[resources:zpack_4:st] Asset zpack_4/mp_m_freemode_01_mp_m_zpack_4^berd_diff_016_a_uni.ytd uses 32.0 MiB of physical memory.
[resources:zpack_4:st] Asset zpack_4/mp_m_freemode_01_mp_m_zpack_4^feet_045_u.ydd uses 32.0 MiB of virtual memory.
[resources:zpack_4:st] Asset zpack_4/mp_m_freemode_01_mp_m_zpack_4^hair_023_u.ydd uses 32.0 MiB of virtual memory.
[resources:zpack_4:st] Asset zpack_4/mp_m_freemode_01_mp_m_zpack_4^hair_diff_012_a_uni.ytd uses 32.0 MiB of physical memory.
[resources:zpack_4:st] Asset zpack_4/mp_m_freemode_01_mp_m_zpack_4^hair_diff_014_a_uni.ytd uses 32.0 MiB of physical memory.
[resources:zpack_4:st] Asset zpack_4/mp_m_freemode_01_mp_m_zpack_4^hair_diff_021_a_uni.ytd uses 32.0 MiB of physical memory.
[resources:zpack_4:st] Asset zpack_4/mp_m_freemode_01_mp_m_zpack_4^hair_diff_027_a_uni.ytd uses 32.0 MiB of physical memory.
[resources:zpack_4:st] Asset zpack_4/mp_m_freemode_01_mp_m_zpack_4^hair_diff_028_a_uni.ytd uses 32.0 MiB of physical memory.
[resources:zpack_4:st] Asset zpack_4/mp_m_freemode_01_mp_m_zpack_4^hair_diff_033_a_uni.ytd uses 32.0 MiB of physical memory.
[resources:zpack_4:st] Asset zpack_4/mp_m_freemode_01_mp_m_zpack_4^jbib_diff_054_a_uni.ytd uses 32.0 MiB of physical memory.
[resources:zpack_4:st] Asset zpack_4/mp_m_freemode_01_mp_m_zpack_4^jbib_diff_054_b_uni.ytd uses 32.0 MiB of physical memory.
[resources:zpack_4:st] Asset zpack_4/mp_m_freemode_01_mp_m_zpack_4^jbib_diff_054_c_uni.ytd uses 32.0 MiB of physical memory.
[resources:zpack_4:st] Asset zpack_4/mp_m_freemode_01_mp_m_zpack_4^jbib_diff_055_a_uni.ytd uses 32.0 MiB of physical memory.
[resources:zpack_4:st] Asset zpack_4/mp_m_freemode_01_mp_m_zpack_4^jbib_diff_055_b_uni.ytd uses 32.0 MiB of physical memory.
[resources:zpack_4:st] Asset zpack_4/mp_m_freemode_01_mp_m_zpack_4^jbib_diff_055_c_uni.ytd uses 32.0 MiB of physical memory.
[resources:zpack_4:st] Asset zpack_4/mp_m_freemode_01_mp_m_zpack_4^jbib_diff_055_d_uni.ytd uses 32.0 MiB of physical memory.
[resources:zpack_4:st] Asset zpack_4/mp_m_freemode_01_mp_m_zpack_4^jbib_diff_055_e_uni.ytd uses 32.0 MiB of physical memory.
[resources:zpack_4:st] Asset zpack_4/mp_m_freemode_01_mp_m_zpack_4^jbib_diff_055_f_uni.ytd uses 32.0 MiB of physical memory.
[resources:zpack_4:st] Asset zpack_4/mp_m_freemode_01_mp_m_zpack_4^jbib_diff_055_g_uni.ytd uses 32.0 MiB of physical memory.
[resources:zpack_4:st] Asset zpack_4/mp_m_freemode_01_mp_m_zpack_4^jbib_diff_055_h_uni.ytd uses 32.0 MiB of physical memory.
[           resources] Started resource zpack_4 (23 warnings)
[resources:zpack_5:st] Asset zpack_5/mp_f_freemode_01_mp_f_zpack_5^accs_046_u.ydd uses 32.0 MiB of physical memory.
[resources:zpack_5:st] Asset zpack_5/mp_f_freemode_01_mp_f_zpack_5^accs_046_u.ydd uses 24.0 MiB of virtual memory.
[resources:zpack_5:st] Asset zpack_5/mp_f_freemode_01_mp_f_zpack_5^accs_diff_090_a_uni.ytd uses 32.0 MiB of physical memory.
[resources:zpack_5:st] Asset zpack_5/mp_f_freemode_01_mp_f_zpack_5^feet_diff_004_a_uni.ytd uses 32.0 MiB of physical memory.
[resources:zpack_5:st] Asset zpack_5/mp_f_freemode_01_mp_f_zpack_5^feet_diff_004_b_uni.ytd uses 32.0 MiB of physical memory.
[resources:zpack_5:st] Asset zpack_5/mp_f_freemode_01_mp_f_zpack_5^feet_diff_004_c_uni.ytd uses 32.0 MiB of physical memory.
[resources:zpack_5:st] Asset zpack_5/mp_f_freemode_01_mp_f_zpack_5^feet_diff_004_d_uni.ytd uses 32.0 MiB of physical memory.
[resources:zpack_5:st] Asset zpack_5/mp_f_freemode_01_mp_f_zpack_5^feet_diff_004_e_uni.ytd uses 32.0 MiB of physical memory.
[resources:zpack_5:st] Asset zpack_5/mp_f_freemode_01_mp_f_zpack_5^feet_diff_004_f_uni.ytd uses 32.0 MiB of physical memory.
[resources:zpack_5:st] Asset zpack_5/mp_f_freemode_01_mp_f_zpack_5^feet_diff_004_g_uni.ytd uses 32.0 MiB of physical memory.
[resources:zpack_5:st] Asset zpack_5/mp_f_freemode_01_mp_f_zpack_5^feet_diff_004_h_uni.ytd uses 32.0 MiB of physical memory.
[resources:zpack_5:st] Asset zpack_5/mp_m_freemode_01_p_mp_m_zpack_5^p_ears_038.ydd uses 32.0 MiB of virtual memory.
[resources:zpack_5:st] Asset zpack_5/mp_m_freemode_01_p_mp_m_zpack_5^p_lwrist_010.ydd uses 32.0 MiB of virtual memory.
[resources:zpack_5:st] Asset zpack_5/mp_m_freemode_01_p_mp_m_zpack_5^p_lwrist_015.ydd uses 32.0 MiB of virtual memory.
[resources:zpack_5:st] Asset zpack_5/mp_m_freemode_01_p_mp_m_zpack_5^p_lwrist_020.ydd uses 32.0 MiB of virtual memory.
[resources:zpack_5:st] Asset zpack_5/mp_m_freemode_01_p_mp_m_zpack_5^p_lwrist_024.ydd uses 32.0 MiB of virtual memory.
[           resources] Started resource zpack_5 (16 warnings)
[resources:zpack_repl] Asset zpack_repl/mp_f_freemode_01_mp_f_valentines_02^jbib_000_u.ydd uses 32.0 MiB of physical memory.
[resources:zpack_repl] Asset zpack_repl/mp_f_freemode_01_mp_f_valentines_02^jbib_002_u.ydd uses 32.0 MiB of physical memory.
[resources:zpack_repl] Asset zpack_repl/mp_f_freemode_01_mp_f_valentines_02^jbib_004_u.ydd uses 32.0 MiB of physical memory.
[resources:zpack_repl] Asset zpack_repl/mp_f_freemode_01_mp_f_valentines_02^jbib_005_u.ydd uses 32.0 MiB of physical memory.
[           resources] Started resource zpack_repl (4 warnings)
[     script:lb-phone] [INFO] You are running the latest version.
[       script:ps_lib] [INFO]  ps_lib has a newer version installed (1.0.0) than remote (0.5.0).
[script:tstudio_zmapd] [ TStudio Patch Loader] ⚠️ Detected manually started patch: tstudio_zpatch_ls_mrpd — stopping for re-evaluation...
[           resources] Stopping resource tstudio_zpatch_ls_mrpd
[script:tstudio_zmapd] [ TStudio Patch Loader] ⚠️ Stopped 1 manually started patch(es). The system will now re-evaluate and start only the correct ones.
[script:tstudio_zmapd] [ TStudio Patch Loader] ⚠️ Please remove these patch resources from your server.cfg — they are managed automatically by tstudio_zmapdata.
[      script:oxmysql] [12.3.2-MariaDB] Database server connection established!
[   script:jim_bridge] FrameWorkCache: ox_inventory InventoryWeight: 85000 (85.0kg) (475.714s)
[   script:jim_bridge] FrameWorkCache: ox_inventory InventorySlots: 50 (475.714s)
[   script:jim_bridge] FrameworkCache: ox_inventory Loaded 726 Items (475.707s)
[   script:jim_bridge] FrameworkCache: qbx_core Loaded 901 Vehicles (475.714s)
[   script:jim_bridge] FrameworkCache: qbx_core Loaded 44 Jobs (475.714s)
[   script:jim_bridge] FrameworkCache: qbx_core Loaded 7 Gangs (475.714s)
[   script:jim_bridge] FrameworkCache: Cache Ready (475.752s)
[    script:xt-prison] [xt-prison] [INFO] Initializing Table: xt_prison
[    script:xt-prison] [xt-prison] [INFO] Initializing Table: xt_prison_items
[script:onx-evp-a-sha] ===================================================
[script:onx-evp-a-sha] ONX.GG
[script:onx-evp-a-sha] onx-evp-a-shared is outdated. Please update to 3.0.1.
[script:onx-evp-a-sha] Patch Notes: Impulse layout & Water cannon fix
[script:onx-evp-a-sha] ===================================================
[script:onx-evp-b-whe] ===================================================
[script:onx-evp-b-whe] ONX.GG
[script:onx-evp-b-whe] onx-evp-b-wheels is outdated. Please update to 3.0.0.
[script:onx-evp-b-whe] Patch Notes: Firetruck Fleet & INAPD Liveries
[script:onx-evp-b-whe] ===================================================
[script:onx-evp-c-pac] ===================================================
[script:onx-evp-c-pac] ONX.GG
[script:onx-evp-c-pac] onx-evp-c-pack2 is outdated. Please update to 3.0.0.
[script:onx-evp-c-pac] Patch Notes: Firetruck Fleet & INAPD Liveries
[script:onx-evp-c-pac] ===================================================
[script:onx-evp-b-liv] ===================================================
[script:onx-evp-b-liv] ONX.GG
[script:onx-evp-b-liv] onx-evp-b-livery-mods is outdated. Please update to 3.0.0.
[script:onx-evp-b-liv] Patch Notes: Firetruck Fleet & INAPD Liveries
[script:onx-evp-b-liv] ===================================================
[script:onx-evp-b-lig] ===================================================
[script:onx-evp-b-lig] ONX.GG
[script:onx-evp-b-lig] onx-evp-b-lightbars is outdated. Please update to 3.0.0.
[script:onx-evp-b-lig] Patch Notes: Firetruck Fleet & INAPD Liveries
[script:onx-evp-b-lig] ===================================================
[script:onx-evp-c-pac] ===================================================
[script:onx-evp-c-pac] ONX.GG
[script:onx-evp-c-pac] onx-evp-c-pack is outdated. Please update to 3.0.2.
[script:onx-evp-c-pac] Patch Notes: Removed unused handling meta data
[script:onx-evp-c-pac] ===================================================
[script:cfx_onx_gov_c] ===================================================
[script:cfx_onx_gov_c] ONX.GG
[script:cfx_onx_gov_c] cfx_onx_gov_clothing is outdated. Please update to 3.0.0.
[script:cfx_onx_gov_c] Patch Notes: International Airport Police Department Uniforms
[script:cfx_onx_gov_c] ===================================================
[script:crazy-postals] -------------------------------------------------------
[script:crazy-postals] nearest-postal
[script:crazy-postals] UPDATE: 1.5.4 AVAILABLE
[script:crazy-postals] CHANGELOG: Added developer event 'nearest-postal:removedPostalBlip' that triggers when a player canceles their current postal route.
[script:crazy-postals] -------------------------------------------------------
[script:crazy-postals] 
[script:onx-evp-c-ems] ===================================================
[script:onx-evp-c-ems] ONX.GG
[script:onx-evp-c-ems] onx-evp-c-ems-pack is outdated. Please update to 3.0.0.
[script:onx-evp-c-ems] Patch Notes: Firetruck Fleet & INAPD Liveries
[script:onx-evp-c-ems] ===================================================
[     script:qbx_core] [qbx_core] [INFO] Removed invalid groups from player_groups table
[       script:ox_lib] An update is available for qbx_core (current version: 1.23.0)
[       script:ox_lib] https://github.com/Qbox-project/qbx_core/releases/tag/v1.24.0
[script:tstudio_zmapd] [ TStudio Patch Loader] 🔎 Checking which patches to apply...
[script:tstudio_zmapd] [ TStudio Patch Loader] ✅ Starting map fix for Fix for Legion Square & MRPD → tstudio_zpatch_ls_mrpd
[           resources] Started resource tstudio_zpatch_ls_mrpd
[script:tstudio_zmapd] [ TStudio Patch Loader] ✅ Loaded all supported map compatibility patches.
[script:tstudio_zmapd] [ TStudio Patch Loader] 💡 If you experience compatibility issues, please report them at: https://discord.gg/tstudio
[     script:qbx_core] 
[     script:qbx_core] Welcome to Qbox!
[     script:qbx_core] To learn more, please check out the documentation at https://docs.qbox.re/.
[     script:qbx_core] To turn this message off, set the qbx:acknowledge convar to true in your server.cfg file.
[     script:qbx_core] 
[ script:ox_inventory] [ox_inventory] [INFO] Inventory has loaded 620 items
[script:scully_emotem] [scully_emotemenu] You are currently running the latest version.
[   script:jim_bridge] 'jim_bridge' - You are running the latest version. (2.1.09)
║             TXADMIN║ txaEvent "serverShuttingDown" "{\"delay\":5000,\"author\":\"crazy-fivem\",\"message\":\"Server restarting (admin request).\"}"
[     script:lb-phone] [LB Phone 2.8.3] [INFO]: Saving all settings
[      script:monitor] [txAdmin] Server shutting down. Kicking all players.

║             TXADMIN║ ================================================================
║             TXADMIN║ ======== [432] FXServer Starting - 9/2/2026, 4:35:23 PM         
║             TXADMIN║ ================================================================
[                 cmd] Argument count mismatch (passed 1, wanted 2)
[           resources] Scanning resources.
[           resources] Found 194 resources.
[          svadhesive] Authenticating server license key...
[          svadhesive] Server license key authentication succeeded. Welcome!
[    c-scripting-core] Creating script environments for monitor
[      script:monitor] [txAdmin] Resource v8.1.1 threads and commands set up. All Ready.
[           resources] Started resource monitor
[                 cmd] Argument count mismatch (passed 1, wanted 2)
[    c-scripting-core] Creating script environments for mapmanager
[           resources] Started resource mapmanager
[    c-scripting-core] Creating script environments for chat
[           resources] Started resource chat
[           resources] Started resource spawnmanager
[    c-scripting-core] Creating script environments for sessionmanager
[           resources] Started resource sessionmanager
[    c-scripting-core] Creating script environments for hardcap
[           resources] Started resource hardcap
[    c-scripting-core] Creating script environments for baseevents
[           resources] Started resource baseevents
[    c-scripting-core] Creating script environments for ox_lib
[           resources] Started resource ox_lib
[    c-scripting-core] Creating script environments for oxmysql
[           resources] Started resource oxmysql
[    c-scripting-core] Creating script environments for qbx_core
[     script:qbx_core] [qbx_core] [INFO] Stopping hardcap...
[           resources] Stopping resource hardcap
[           resources] Started resource qbx_core
[    c-scripting-core] Creating script environments for illenium-appearance
[           resources] Started resource illenium-appearance
[    c-scripting-core] Creating script environments for crazy-multichar
[           resources] Started resource crazy-multichar
[    c-scripting-core] Creating script environments for ox_target
[           resources] Started resource ox_target
[    c-scripting-core] Creating script environments for jim_bridge
[   script:jim_bridge] Bridge: 'ox_inventory' detected
[   script:jim_bridge] Bridge: 'qb-core' detected
[   script:jim_bridge] Bridge: 'ox_target' detected
[   script:jim_bridge] Bridge: 'qbx_core' detected
[   script:jim_bridge] Bridge: 'ox_lib' detected
[resources:jim_bridge] Warning: could not find file `shared/auth/*.lua` (defined in fxmanifest.lua:10)
[resources:jim_bridge] Warning: could not find file `shared/modules/*.lua` (defined in fxmanifest.lua:10)
[resources:jim_bridge] Warning: could not find file `shared/wrappers/*.lua` (defined in fxmanifest.lua:10)
[           resources] Started resource jim_bridge (3 warnings)
[    c-scripting-core] Creating script environments for ox_doorlock
[           resources] Started resource ox_doorlock
[    c-scripting-core] Creating script environments for ox_inventory
[           resources] Started resource ox_inventory
[    c-scripting-core] Creating script environments for ox_fuel
[           resources] Started resource ox_fuel
[    c-scripting-core] Creating script environments for qbx_adminmenu
[           resources] Started resource qbx_adminmenu
[    c-scripting-core] Creating script environments for qbx_medical
[           resources] Started resource qbx_medical
[    c-scripting-core] Creating script environments for qbx_ambulancejob
[           resources] Started resource qbx_ambulancejob
[    c-scripting-core] Creating script environments for qbx_bankrobbery
[           resources] Started resource qbx_bankrobbery
[    c-scripting-core] Creating script environments for qbx_binoculars
[           resources] Started resource qbx_binoculars
[    c-scripting-core] Creating script environments for scully_emotemenu
[           resources] Started resource scully_emotemenu
[    c-scripting-core] Creating script environments for crazy-reputation
[           resources] Started resource crazy-reputation
[    c-scripting-core] Creating script environments for qbx_busjob
[           resources] Started resource qbx_busjob
[    c-scripting-core] Creating script environments for qbx_carwash
[           resources] Started resource qbx_carwash
[    c-scripting-core] Creating script environments for qbx_chat_theme
[           resources] Started resource qbx_chat_theme
[    c-scripting-core] Creating script environments for qbx_cityhall
[           resources] Started resource qbx_cityhall
[           resources] Started resource qbx_density
[    c-scripting-core] Creating script environments for qbx_divegear
[           resources] Started resource qbx_divegear
[    c-scripting-core] Creating script environments for qbx_diving
[           resources] Started resource qbx_diving
[    c-scripting-core] Creating script environments for qbx_drugs
[           resources] Started resource qbx_drugs
[    c-scripting-core] Creating script environments for qbx_fireworks
[           resources] Started resource qbx_fireworks
[    c-scripting-core] Creating script environments for qbx_garages
[           resources] Started resource qbx_garages
[    c-scripting-core] Creating script environments for qbx_garbagejob
[           resources] Started resource qbx_garbagejob
[    c-scripting-core] Creating script environments for qbx_houserobbery
[           resources] Started resource qbx_houserobbery
[           resources] Started resource MugShotBase64
[    c-scripting-core] Creating script environments for qbx_idcard
[           resources] Started resource qbx_idcard
[    c-scripting-core] Creating script environments for qbx_jewelery
[           resources] Started resource qbx_jewelery
[    c-scripting-core] Creating script environments for qbx_lapraces
[           resources] Started resource qbx_lapraces
[    c-scripting-core] Creating script environments for qbx_management
[           resources] Started resource qbx_management
[    c-scripting-core] Creating script environments for qbx_mechanicjob
[           resources] Started resource qbx_mechanicjob
[    c-scripting-core] Creating script environments for qbx_newsjob
[           resources] Started resource qbx_newsjob
[    c-scripting-core] Creating script environments for qbx_pawnshop
[           resources] Started resource qbx_pawnshop
[    c-scripting-core] Creating script environments for qbx_police
[           resources] Started resource qbx_police
[    c-scripting-core] Creating script environments for qbx_properties
[           resources] Started resource qbx_properties
[    c-scripting-core] Creating script environments for qbx_radialmenu
[           resources] Started resource qbx_radialmenu
[    c-scripting-core] Creating script environments for qbx_recyclejob
[           resources] Started resource qbx_recyclejob
[    c-scripting-core] Creating script environments for qbx_scoreboard
[           resources] Started resource qbx_scoreboard
[    c-scripting-core] Creating script environments for qbx_scrapyard
[           resources] Started resource qbx_scrapyard
[    c-scripting-core] Creating script environments for qbx_smallresources
[script:qbx_smallreso] [qbx_smallresources] [WARN] [qbx_entitiesblacklist] You have entity blacklist enabled, this means that any entity that is blacklisted in config.lua will not be able to spawn, you can change this in qbx_smallresource/qbx_entitiesblacklist/config.lua
[           resources] Started resource qbx_smallresources
[    c-scripting-core] Creating script environments for qbx_spawn
[           resources] Started resource qbx_spawn
[    c-scripting-core] Creating script environments for qbx_streetraces
[           resources] Started resource qbx_streetraces
[    c-scripting-core] Creating script environments for qbx_taxijob
[           resources] Started resource qbx_taxijob
[    c-scripting-core] Creating script environments for qbx_truckerjob
[           resources] Started resource qbx_truckerjob
[    c-scripting-core] Creating script environments for qbx_truckrobbery
[           resources] Started resource qbx_truckrobbery
[    c-scripting-core] Creating script environments for qbx_vehiclekeys
[           resources] Started resource qbx_vehiclekeys
[    c-scripting-core] Creating script environments for qbx_vehicles
[           resources] Started resource qbx_vehicles
[    c-scripting-core] Creating script environments for qbx_vehiclesales
[           resources] Started resource qbx_vehiclesales
[    c-scripting-core] Creating script environments for qbx_vehicleshop
[           resources] Started resource qbx_vehicleshop
[    c-scripting-core] Creating script environments for qbx_vineyard
[           resources] Started resource qbx_vineyard
[    c-scripting-core] Creating script environments for qbx_weed
[           resources] Started resource qbx_weed
[    c-scripting-core] Creating script environments for PolyZone
[           resources] Started resource PolyZone
[    c-scripting-core] Creating script environments for Renewed-Banking
[           resources] Started resource Renewed-Banking
[    c-scripting-core] Creating script environments for Renewed-Weathersync
[           resources] Started resource Renewed-Weathersync
[           resources] Started resource bob74_ipl
[           resources] Started resource carliftprop
[    c-scripting-core] Creating script environments for lb-phone
[           resources] Started resource lb-phone
[           resources] Started resource lb-phoneprop
[    c-scripting-core] Creating script environments for mana_audio
[           resources] Started resource mana_audio
[           resources] Started resource mhacking
[    c-scripting-core] Creating script environments for ps-dispatch
[           resources] Started resource ps-dispatch
[    c-scripting-core] Creating script environments for ps_lib
[       script:ps_lib] [SUCCESS] Inventory Module Loaded: OX Inventory
[       script:ps_lib] [SUCCESS] Notification Module Loaded: ox_lib Notify
[       script:ps_lib] [SUCCESS] Banking Module Loaded: QB-Banking
[       script:ps_lib] [SUCCESS] Framework resource found: qbx_core
[           resources] Started resource ps_lib
[    c-scripting-core] Creating script environments for ps-mdt
[           resources] Started resource ps-mdt
[           resources] Started resource safecracker
[    c-scripting-core] Creating script environments for screencapture
[script:screencapture] [screencapture] Sentry enabled
[           resources] Started resource screencapture
[    c-scripting-core] Creating script environments for ultra-voltlab
[           resources] Started resource ultra-voltlab
[    c-scripting-core] Creating script environments for xt-prison
[           resources] Started resource xt-prison
[    c-scripting-core] Creating script environments for pma-voice
[           resources] Started resource pma-voice
[    c-scripting-core] Creating script environments for mm_radio
[           resources] Started resource mm_radio
[ citizen-server-impl] Couldn't find resource category [assets].
[    c-scripting-core] Creating script environments for crazy-carrental
[           resources] Started resource crazy-carrental
[    c-scripting-core] Creating script environments for crazy-chain
[           resources] Started resource crazy-chain
[    c-scripting-core] Creating script environments for crazy-dailytasks
[           resources] Started resource crazy-dailytasks
[    c-scripting-core] Creating script environments for crazy-hud
[           resources] Started resource crazy-hud
[           resources] Started resource crazy-id
[    c-scripting-core] Creating script environments for crazy-invoicing
[           resources] Started resource crazy-invoicing
[    c-scripting-core] Creating script environments for crazy-kitchen
[script:crazy-kitchen] [crazy-kitchen] Registered kitchen stash: craft_paparattos_kitchen
[script:crazy-kitchen] [crazy-kitchen] Registered kitchen stash: craft_burgershot_kitchen
[script:crazy-kitchen] [crazy-kitchen] Registered kitchen stash: craft_aldentes_kitchen
[script:crazy-kitchen] [crazy-kitchen] Registered kitchen stash: craft_kebab_kitchen
[script:crazy-kitchen] [crazy-kitchen] Registered kitchen stash: craft_habibi_kitchen
[script:crazy-kitchen] [crazy-kitchen] Registered kitchen stash: craft_pearls_kitchen
[script:crazy-kitchen] [crazy-kitchen] Registered kitchen stash: craft_hornys_kitchen
[script:crazy-kitchen] [crazy-kitchen] Registered kitchen stash: craft_stroke_mechs
[script:crazy-kitchen] [crazy-kitchen] Registered kitchen stash: craft_bennys_mechs
[script:crazy-kitchen] [crazy-kitchen] Registered kitchen stash: craft_tuner_mechs
[script:crazy-kitchen] [crazy-kitchen] Registered kitchen stash: craft_seaton_mechs
[           resources] Started resource crazy-kitchen
[           resources] Started resource crazy-loadingscreen
[    c-scripting-core] Creating script environments for crazy-map
[    c-scripting-core] Failed to load script @ReaperV4/imports/bypass.lua.
[    c-scripting-core] Failed to load script @ReaperV4/imports/bypass_s.lua.
[    c-scripting-core] Failed to load script @ReaperV4/imports/bypass_c.lua.
[    c-scripting-core] Failed to load script @FiniAC/fini_events.lua.
[           resources] Started resource crazy-map
[    c-scripting-core] Creating script environments for crazy-minigames
[           resources] Started resource crazy-minigames
[    c-scripting-core] Creating script environments for crazy-postals
[           resources] Started resource crazy-postals
[    c-scripting-core] Creating script environments for crazy-radar
[           resources] Started resource crazy-radar
[    c-scripting-core] Creating script environments for crazy-register
[           resources] Started resource crazy-register
[    c-scripting-core] Creating script environments for crazy-rules
[           resources] Started resource crazy-rules
[    c-scripting-core] Creating script environments for crazy-storerobbery
[           resources] Started resource crazy-storerobbery
[    c-scripting-core] Creating script environments for crazy-tutorial
[           resources] Started resource crazy-tutorial
[resources:Pearls:str] Asset Pearls/SLB2k11_pearls_details_7.ydr uses 24.0 MiB of physical memory.
[resources:Pearls:str] Asset Pearls/slb2k11_beach_torch2.ydr uses 24.0 MiB of physical memory.
[           resources] Started resource Pearls (2 warnings)
[ citizen-server-impl] You lack the required entitlement to use _flame-studios-FIB-HQ
[ citizen-server-impl] Couldn't start resource _flame-studios-FIB-HQ.
[resources:as_autoexo] Asset as_autoexotic+ds/as_shell.ydr uses 26.0 MiB of physical memory.
[           resources] Started resource as_autoexotic+ds (1 warning)
[resources:as_hayes_a] Asset as_hayes_auto_hub/as_hayes_auto_shell.ydr uses 17.5 MiB of physical memory.
[           resources] Started resource as_hayes_auto_hub (1 warning)
[           resources] Started resource as_luxpdm
[           resources] Started resource as_mapdata
[           resources] Started resource cfx-fm-ammunation-big-sub
[resources:cfx-fm-bar] Asset cfx-fm-barber-shops/fm_bsi_textures_01.ytd uses 33.0 MiB of physical memory.
[           resources] Started resource cfx-fm-barber-shops (1 warning)
[           resources] Started resource cfx-fm-city-hall-exterior-ls
[resources:cfx-fm-cit] Asset cfx-fm-city-hall-interior-ls/fm_ch_interior_shell.ydr uses 18.0 MiB of physical memory.
[resources:cfx-fm-cit] Asset cfx-fm-city-hall-interior-ls/fm_ch_shell_textures.ytd uses 32.0 MiB of physical memory.
[           resources] Started resource cfx-fm-city-hall-interior-ls (2 warnings)
[resources:cfx-fm-jew] Asset cfx-fm-jewelry-interior/fm_jewelry_textures.ytd uses 23.0 MiB of physical memory.
[           resources] Started resource cfx-fm-jewelry-interior (1 warning)
[resources:cfx-fm-ltd] Asset cfx-fm-ltd-gasoline-interior/fm_ltd_shell_textures.ytd uses 23.0 MiB of physical memory.
[           resources] Started resource cfx-fm-ltd-gasoline-interior (1 warning)
[           resources] Started resource cfx-fm-map-data-02
[    c-scripting-core] Creating script environments for cfx-fm-medical-center-machines
[           resources] Started resource cfx-fm-medical-center-machines
[resources:cfx-fm-med] Asset cfx-fm-medical-center-v1/fm_hsp_furn_props_textures.ytd uses 19.0 MiB of physical memory.
[resources:cfx-fm-med] Asset cfx-fm-medical-center-v1/fm_hsp_shell_textures.ytd uses 33.0 MiB of physical memory.
[           resources] Started resource cfx-fm-medical-center-v1 (2 warnings)
[           resources] Started resource cfx-fm-suburban-interior
[resources:cfx-fm-sup] Asset cfx-fm-supermarkets-interior-v2/fm_247_int_f_props_textures_01.ytd uses 44.0 MiB of physical memory.
[resources:cfx-fm-sup] Asset cfx-fm-supermarkets-interior-v2/fm_247_int_shell_textures_01.ytd uses 22.0 MiB of physical memory.
[           resources] Started resource cfx-fm-supermarkets-interior-v2 (2 warnings)
[           resources] Started resource cfx-fm-towing-impound-exterior
[resources:cfx-fm-tow] Asset cfx-fm-towing-impound-interior/fm_imp_shell_textures.ytd uses 22.0 MiB of physical memory.
[           resources] Started resource cfx-fm-towing-impound-interior (1 warning)
[resources:cfx-mxc-ha] Asset cfx-mxc-hayesauto/mxc_hayesauto_ytd.ytd uses 29.5 MiB of physical memory.
[           resources] Started resource cfx-mxc-hayesauto (1 warning)
[   script:mapmanager] Started gametype Freeroam
[           resources] Started resource basic-gamemode
[   script:mapmanager] Started map fivem-map-hipster
[           resources] Started resource fivem-map-hipster
[   script:mapmanager] Changing map from fivem-map-hipster to fivem-map-skater
[           resources] Stopping resource fivem-map-hipster
[   script:mapmanager] Started map fivem-map-skater
[           resources] Started resource fivem-map-skater
[           resources] Started resource jr_dreamworks
[           resources] Started resource k4mb1-bobcat
[           resources] Warning: Resource redm-map-one does not support the current game (gta5).
[ citizen-server-impl] Couldn't start resource redm-map-one.
[resources:rfc_redlin] Asset rfc_redline_tuner_shop/rfc_tunergarage_txd.ytd uses 62.0 MiB of physical memory. Oversized assets can and WILL lead to streaming issues (such as models not loading/rendering).
[           resources] Started resource rfc_redline_tuner_shop (1 warning)
[    c-scripting-core] Creating script environments for tstudio_zmapdata
[script:tstudio_zmapd] [ TStudio Patch Loader] 🔎 Loading patch configurations from patches/ folder...
[script:tstudio_zmapd] [ TStudio Patch Loader] Found 1 patch config(s) in manifest
[script:tstudio_zmapd] [ TStudio Patch Loader] Loading patches for: TStudio Maps (62 patches)
[script:tstudio_zmapd] [ TStudio Patch Loader] ✅ Loaded 62 compatibility patches from 1 creators
[           resources] Started resource tstudio_zmapdata
[           resources] Started resource tstudio_audioocclusion
[resources:tstudio_be] Asset tstudio_bennys/turbosaif_bennys_luxury_txt.ytd uses 25.8 MiB of physical memory.
[           resources] Started resource tstudio_bennys (1 warning)
[resources:tstudio_be] Asset tstudio_bennys_docks/turbosaif_bennys_docks_txt.ytd uses 20.2 MiB of physical memory.
[           resources] Started resource tstudio_bennys_docks (1 warning)
[resources:tstudio_bu] Asset tstudio_burgershot/turbosaif_burgershot_int_txt.ytd uses 26.1 MiB of physical memory.
[           resources] Started resource tstudio_burgershot (1 warning)
[resources:tstudio_fl] Warning: could not find file `stream/vanilla/*/*.*` (defined in fxmanifest.lua:17)
[resources:tstudio_fl] Asset tstudio_fleeca/uniqx_flecca_tex.ytd uses 23.0 MiB of physical memory.
[           resources] Started resource tstudio_fleeca (2 warnings)
[resources:tstudio_le] Asset tstudio_legionsquare/tstudio_legionsquare_asset_txt.ytd uses 19.2 MiB of physical memory.
[resources:tstudio_le] Asset tstudio_legionsquare/tstudio_legionsquare_txt.ytd uses 31.2 MiB of physical memory.
[           resources] Started resource tstudio_legionsquare (2 warnings)
[    c-scripting-core] Creating script environments for tstudio_mrpd
[resources:tstudio_mr] Asset tstudio_mrpd/tstudio_mrpd_ext_textures.ytd uses 20.8 MiB of physical memory.
[resources:tstudio_mr] Asset tstudio_mrpd/tstudio_mrpd_int_textures.ytd uses 31.8 MiB of physical memory.
[resources:tstudio_mr] Asset tstudio_mrpd/tstudio_mrpd_parent_textures.ytd uses 27.2 MiB of physical memory.
[resources:tstudio_mr] Asset tstudio_mrpd/tstudio_mrpd_tex_misc.ytd uses 23.2 MiB of physical memory.
[resources:tstudio_mr] Asset tstudio_mrpd/tstudio_mrpd_tex_misc2.ytd uses 19.8 MiB of physical memory.
[resources:tstudio_mr] Asset tstudio_mrpd/tstudio_mrpd_tex_seats.ytd uses 24.2 MiB of physical memory.
[resources:tstudio_mr] Asset tstudio_mrpd/tstudio_mrpd_tex_tables.ytd uses 19.8 MiB of physical memory.
[           resources] Started resource tstudio_mrpd (7 warnings)
[           resources] Started resource tstudio_tunershop
[           resources] Started resource tstudio_zpatch_ls_mrpd
[resources:cfx-gomsty] Asset cfx-gomstyling-subpack-1/emsgstalamo1.ytd uses 32.0 MiB of physical memory.
[resources:cfx-gomsty] Asset cfx-gomstyling-subpack-1/emsgstdomgt241.ytd uses 32.0 MiB of physical memory.
[resources:cfx-gomsty] Asset cfx-gomstyling-subpack-1/emsgsticona1.ytd uses 32.0 MiB of physical memory.
[resources:cfx-gomsty] Asset cfx-gomstyling-subpack-1/emsgstsadlt1.ytd uses 32.0 MiB of physical memory.
[resources:cfx-gomsty] Asset cfx-gomstyling-subpack-1/emsgstsct1.ytd uses 32.0 MiB of physical memory.
[resources:cfx-gomsty] Asset cfx-gomstyling-subpack-1/emsgstsemxl1.ytd uses 32.0 MiB of physical memory.
[resources:cfx-gomsty] Asset cfx-gomstyling-subpack-1/emsgsttorle1.ytd uses 32.0 MiB of physical memory.
[resources:cfx-gomsty] Asset cfx-gomstyling-subpack-1/emsgstxlb1.ytd uses 32.0 MiB of physical memory.
[resources:cfx-gomsty] Asset cfx-gomstyling-subpack-1/gst3001.ytd uses 67.0 MiB of physical memory. Oversized assets can and WILL lead to streaming issues (such as models not loading/rendering).
[resources:cfx-gomsty] Asset cfx-gomstyling-subpack-1/gst3002.ytd uses 37.0 MiB of physical memory.
[resources:cfx-gomsty] Asset cfx-gomstyling-subpack-1/gst73r1b_livery1.yft uses 32.0 MiB of physical memory.
[resources:cfx-gomsty] Asset cfx-gomstyling-subpack-1/gst73r1b_livery2.yft uses 32.0 MiB of physical memory.
[resources:cfx-gomsty] Asset cfx-gomstyling-subpack-1/gst73r1b_livery3.yft uses 32.0 MiB of physical memory.
[resources:cfx-gomsty] Asset cfx-gomstyling-subpack-1/gst73r1b_livery4.yft uses 32.0 MiB of physical memory.
[resources:cfx-gomsty] Asset cfx-gomstyling-subpack-1/gst73r1b_livery5.yft uses 32.0 MiB of physical memory.
[resources:cfx-gomsty] Asset cfx-gomstyling-subpack-1/gst73r1b_livery6.yft uses 32.0 MiB of physical memory.
[resources:cfx-gomsty] Asset cfx-gomstyling-subpack-1/gstambisxl4.ytd uses 64.0 MiB of physical memory. Oversized assets can and WILL lead to streaming issues (such as models not loading/rendering).
[resources:cfx-gomsty] Asset cfx-gomstyling-subpack-1/gstambyxl3.ytd uses 64.0 MiB of physical memory. Oversized assets can and WILL lead to streaming issues (such as models not loading/rendering).
[           resources] Started resource cfx-gomstyling-subpack-1 (18 warnings)
[resources:cfx-gomsty] Asset cfx-gomstyling-subpack-10/gstarcadius1.ytd uses 32.0 MiB of physical memory.
[resources:cfx-gomsty] Asset cfx-gomstyling-subpack-10/gstecstasytaxi1_livery1.yft uses 64.0 MiB of physical memory. Oversized assets can and WILL lead to streaming issues (such as models not loading/rendering).
[resources:cfx-gomsty] Asset cfx-gomstyling-subpack-10/gstexpdt1_liv7.yft uses 32.0 MiB of physical memory.
[resources:cfx-gomsty] Asset cfx-gomstyling-subpack-10/gstfac1.ytd uses 37.0 MiB of physical memory.
[resources:cfx-gomsty] Asset cfx-gomstyling-subpack-10/gstflashrs1.ytd uses 33.0 MiB of physical memory.
[resources:cfx-gomsty] Asset cfx-gomstyling-subpack-10/gstgauntac1_livery1.yft uses 32.0 MiB of physical memory.
[resources:cfx-gomsty] Asset cfx-gomstyling-subpack-10/gstgauntac1_livery10.yft uses 32.0 MiB of physical memory.
[resources:cfx-gomsty] Asset cfx-gomstyling-subpack-10/gstgauntac1_livery11.yft uses 32.0 MiB of physical memory.
[resources:cfx-gomsty] Asset cfx-gomstyling-subpack-10/gstgauntac1_livery12.yft uses 32.0 MiB of physical memory.
[resources:cfx-gomsty] Asset cfx-gomstyling-subpack-10/gstgauntac1_livery2.yft uses 32.0 MiB of physical memory.
[resources:cfx-gomsty] Asset cfx-gomstyling-subpack-10/gstgauntac1_livery3.yft uses 32.0 MiB of physical memory.
[resources:cfx-gomsty] Asset cfx-gomstyling-subpack-10/gstgauntac1_livery4.yft uses 32.0 MiB of physical memory.
[resources:cfx-gomsty] Asset cfx-gomstyling-subpack-10/gstgauntac1_livery5.yft uses 32.0 MiB of physical memory.
[resources:cfx-gomsty] Asset cfx-gomstyling-subpack-10/gstgauntac1_livery6.yft uses 32.0 MiB of physical memory.
[resources:cfx-gomsty] Asset cfx-gomstyling-subpack-10/gstgauntac1_livery7.yft uses 32.0 MiB of physical memory.
[resources:cfx-gomsty] Asset cfx-gomstyling-subpack-10/gstgauntac1_livery8.yft uses 32.0 MiB of physical memory.
[resources:cfx-gomsty] Asset cfx-gomstyling-subpack-10/gstgauntac1_livery9.yft uses 32.0 MiB of physical memory.
[resources:cfx-gomsty] Asset cfx-gomstyling-subpack-10/gstintrptaxi1_liv1.yft uses 32.0 MiB of physical memory.
[resources:cfx-gomsty] Asset cfx-gomstyling-subpack-10/gstoraclexrlrmpg_livery10.yft uses 32.0 MiB of physical memory.
[resources:cfx-gomsty] Asset cfx-gomstyling-subpack-10/gstoraclexrlrmpg_livery11.yft uses 32.0 MiB of physical memory.
[resources:cfx-gomsty] Asset cfx-gomstyling-subpack-10/gstoraclexrlrmpg_livery12.yft uses 32.0 MiB of physical memory.
[resources:cfx-gomsty] Asset cfx-gomstyling-subpack-10/gstoraclexrlrmpg_livery13.yft uses 32.0 MiB of physical memory.
[resources:cfx-gomsty] Asset cfx-gomstyling-subpack-10/gstoraclexrlrmpg_livery14.yft uses 32.0 MiB of physical memory.
[resources:cfx-gomsty] Asset cfx-gomstyling-subpack-10/gstoraclexrlrmpg_livery15.yft uses 32.0 MiB of physical memory.
[resources:cfx-gomsty] Asset cfx-gomstyling-subpack-10/gstoraclexrlrmpg_livery16.yft uses 32.0 MiB of physical memory.
[resources:cfx-gomsty] Asset cfx-gomstyling-subpack-10/gstoraclexrlrmpg_livery17.yft uses 32.0 MiB of physical memory.
[resources:cfx-gomsty] Asset cfx-gomstyling-subpack-10/gstoraclexrlrmpg_livery18.yft uses 32.0 MiB of physical memory.
[resources:cfx-gomsty] Asset cfx-gomstyling-subpack-10/gstoraclexrlrmpg_livery19.yft uses 32.0 MiB of physical memory.
[resources:cfx-gomsty] Asset cfx-gomstyling-subpack-10/gstoraclexrlrmpg_livery20.yft uses 32.0 MiB of physical memory.
[resources:cfx-gomsty] Asset cfx-gomstyling-subpack-10/gstoraclexrlrmpg_livery7.yft uses 32.0 MiB of physical memory.
[resources:cfx-gomsty] Asset cfx-gomstyling-subpack-10/gstoraclexrlrmpg_livery8.yft uses 32.0 MiB of physical memory.
[resources:cfx-gomsty] Asset cfx-gomstyling-subpack-10/gstoraclexrlrmpg_livery9.yft uses 32.0 MiB of physical memory.
[resources:cfx-gomsty] Asset cfx-gomstyling-subpack-10/gstpmp7staxi1_liv1.yft uses 32.0 MiB of physical memory.
[resources:cfx-gomsty] Asset cfx-gomstyling-subpack-10/gsttorletaxi1.ytd uses 25.0 MiB of physical memory.
[resources:cfx-gomsty] Asset cfx-gomstyling-subpack-10/gsttrsxotaxi1_liv1.yft uses 32.0 MiB of physical memory.
[           resources] Started resource cfx-gomstyling-subpack-10 (35 warnings)
[           resources] Started resource cfx-gomstyling-subpack-11
[resources:cfx-gomsty] Asset cfx-gomstyling-subpack-12/gstgangbison1500hf1.ytd uses 46.0 MiB of physical memory.
[resources:cfx-gomsty] Asset cfx-gomstyling-subpack-12/gstpolgrsac.ytd uses 17.0 MiB of physical memory.
[resources:cfx-gomsty] Asset cfx-gomstyling-subpack-12/gstr901.ytd uses 19.0 MiB of physical memory.
[resources:cfx-gomsty] Asset cfx-gomstyling-subpack-12/gstspcbrioso1_liv1.yft uses 32.0 MiB of physical memory.
[resources:cfx-gomsty] Asset cfx-gomstyling-subpack-12/gstyjac1.ytd uses 19.0 MiB of physical memory.
[           resources] Started resource cfx-gomstyling-subpack-12 (5 warnings)
[resources:cfx-gomsty] Asset cfx-gomstyling-subpack-2/gstbag1.ytd uses 33.0 MiB of physical memory.
[resources:cfx-gomsty] Asset cfx-gomstyling-subpack-2/gstbag1b.ytd uses 34.0 MiB of physical memory.
[resources:cfx-gomsty] Asset cfx-gomstyling-subpack-2/gstbanac1_livery1.yft uses 32.0 MiB of physical memory.
[resources:cfx-gomsty] Asset cfx-gomstyling-subpack-2/gstbanac1_livery10.yft uses 32.0 MiB of physical memory.
[resources:cfx-gomsty] Asset cfx-gomstyling-subpack-2/gstbanac1_livery11.yft uses 32.0 MiB of physical memory.
[resources:cfx-gomsty] Asset cfx-gomstyling-subpack-2/gstbanac1_livery12.yft uses 32.0 MiB of physical memory.
[resources:cfx-gomsty] Asset cfx-gomstyling-subpack-2/gstbanac1_livery13.yft uses 32.0 MiB of physical memory.
[resources:cfx-gomsty] Asset cfx-gomstyling-subpack-2/gstbanac1_livery14.yft uses 32.0 MiB of physical memory.
[resources:cfx-gomsty] Asset cfx-gomstyling-subpack-2/gstbanac1_livery15.yft uses 32.0 MiB of physical memory.
[resources:cfx-gomsty] Asset cfx-gomstyling-subpack-2/gstbanac1_livery16.yft uses 32.0 MiB of physical memory.
[resources:cfx-gomsty] Asset cfx-gomstyling-subpack-2/gstbanac1_livery17.yft uses 32.0 MiB of physical memory.
[resources:cfx-gomsty] Asset cfx-gomstyling-subpack-2/gstbanac1_livery18.yft uses 32.0 MiB of physical memory.
[resources:cfx-gomsty] Asset cfx-gomstyling-subpack-2/gstbanac1_livery19.yft uses 32.0 MiB of physical memory.
[resources:cfx-gomsty] Asset cfx-gomstyling-subpack-2/gstbanac1_livery2.yft uses 32.0 MiB of physical memory.
[resources:cfx-gomsty] Asset cfx-gomstyling-subpack-2/gstbanac1_livery20.yft uses 32.0 MiB of physical memory.
[resources:cfx-gomsty] Asset cfx-gomstyling-subpack-2/gstbanac1_livery3.yft uses 32.0 MiB of physical memory.
[resources:cfx-gomsty] Asset cfx-gomstyling-subpack-2/gstbanac1_livery4.yft uses 32.0 MiB of physical memory.
[resources:cfx-gomsty] Asset cfx-gomstyling-subpack-2/gstbanac1_livery5.yft uses 32.0 MiB of physical memory.
[resources:cfx-gomsty] Asset cfx-gomstyling-subpack-2/gstbanac1_livery6.yft uses 32.0 MiB of physical memory.
[resources:cfx-gomsty] Asset cfx-gomstyling-subpack-2/gstbanac1_livery7.yft uses 32.0 MiB of physical memory.
[resources:cfx-gomsty] Asset cfx-gomstyling-subpack-2/gstbanac1_livery8.yft uses 32.0 MiB of physical memory.
[resources:cfx-gomsty] Asset cfx-gomstyling-subpack-2/gstbanac1_livery9.yft uses 32.0 MiB of physical memory.
[resources:cfx-gomsty] Asset cfx-gomstyling-subpack-2/gstbaron1.ytd uses 38.0 MiB of physical memory.
[resources:cfx-gomsty] Asset cfx-gomstyling-subpack-2/gstbhow1_liv1.yft uses 32.0 MiB of physical memory.
[resources:cfx-gomsty] Asset cfx-gomstyling-subpack-2/gstbhow1_liv10.yft uses 32.0 MiB of physical memory.
[resources:cfx-gomsty] Asset cfx-gomstyling-subpack-2/gstbhow1_liv11.yft uses 32.0 MiB of physical memory.
[resources:cfx-gomsty] Asset cfx-gomstyling-subpack-2/gstbhow1_liv12.yft uses 32.0 MiB of physical memory.
[resources:cfx-gomsty] Asset cfx-gomstyling-subpack-2/gstbhow1_liv13.yft uses 32.0 MiB of physical memory.
[resources:cfx-gomsty] Asset cfx-gomstyling-subpack-2/gstbhow1_liv14.yft uses 32.0 MiB of physical memory.
[resources:cfx-gomsty] Asset cfx-gomstyling-subpack-2/gstbhow1_liv2.yft uses 32.0 MiB of physical memory.
[resources:cfx-gomsty] Asset cfx-gomstyling-subpack-2/gstbhow1_liv3.yft uses 32.0 MiB of physical memory.
[resources:cfx-gomsty] Asset cfx-gomstyling-subpack-2/gstbhow1_liv4.yft uses 32.0 MiB of physical memory.
[resources:cfx-gomsty] Asset cfx-gomstyling-subpack-2/gstbhow1_liv5.yft uses 32.0 MiB of physical memory.
[resources:cfx-gomsty] Asset cfx-gomstyling-subpack-2/gstbhow1_liv6.yft uses 32.0 MiB of physical memory.
[resources:cfx-gomsty] Asset cfx-gomstyling-subpack-2/gstbhow1_liv7.yft uses 32.0 MiB of physical memory.
[resources:cfx-gomsty] Asset cfx-gomstyling-subpack-2/gstbhow1_liv8.yft uses 32.0 MiB of physical memory.
[resources:cfx-gomsty] Asset cfx-gomstyling-subpack-2/gstbhow1_liv9.yft uses 32.0 MiB of physical memory.
[resources:cfx-gomsty] Asset cfx-gomstyling-subpack-2/gstbhow2_liv1.yft uses 32.0 MiB of physical memory.
[resources:cfx-gomsty] Asset cfx-gomstyling-subpack-2/gstbhow2_liv10.yft uses 32.0 MiB of physical memory.
[resources:cfx-gomsty] Asset cfx-gomstyling-subpack-2/gstbhow2_liv11.yft uses 32.0 MiB of physical memory.
[resources:cfx-gomsty] Asset cfx-gomstyling-subpack-2/gstbhow2_liv12.yft uses 32.0 MiB of physical memory.
[resources:cfx-gomsty] Asset cfx-gomstyling-subpack-2/gstbhow2_liv13.yft uses 32.0 MiB of physical memory.
[resources:cfx-gomsty] Asset cfx-gomstyling-subpack-2/gstbhow2_liv14.yft uses 32.0 MiB of physical memory.
[resources:cfx-gomsty] Asset cfx-gomstyling-subpack-2/gstbhow2_liv2.yft uses 32.0 MiB of physical memory.
[resources:cfx-gomsty] Asset cfx-gomstyling-subpack-2/gstbhow2_liv3.yft uses 32.0 MiB of physical memory.
[resources:cfx-gomsty] Asset cfx-gomstyling-subpack-2/gstbhow2_liv4.yft uses 32.0 MiB of physical memory.
[resources:cfx-gomsty] Asset cfx-gomstyling-subpack-2/gstbhow2_liv5.yft uses 32.0 MiB of physical memory.
[resources:cfx-gomsty] Asset cfx-gomstyling-subpack-2/gstbhow2_liv6.yft uses 32.0 MiB of physical memory.
[resources:cfx-gomsty] Asset cfx-gomstyling-subpack-2/gstbhow2_liv7.yft uses 32.0 MiB of physical memory.
[resources:cfx-gomsty] Asset cfx-gomstyling-subpack-2/gstbhow2_liv8.yft uses 32.0 MiB of physical memory.
[resources:cfx-gomsty] Asset cfx-gomstyling-subpack-2/gstbhow2_liv9.yft uses 32.0 MiB of physical memory.
[resources:cfx-gomsty] Asset cfx-gomstyling-subpack-2/gstbisc1_livery_1.yft uses 32.0 MiB of physical memory.
[resources:cfx-gomsty] Asset cfx-gomstyling-subpack-2/gstbisc1_livery_2.yft uses 32.0 MiB of physical memory.
[resources:cfx-gomsty] Asset cfx-gomstyling-subpack-2/gstbisc1_livery_3.yft uses 32.0 MiB of physical memory.
[resources:cfx-gomsty] Asset cfx-gomstyling-subpack-2/gstbisc1_livery_4.yft uses 32.0 MiB of physical memory.
[resources:cfx-gomsty] Asset cfx-gomstyling-subpack-2/gstbisc1_livery_5.yft uses 32.0 MiB of physical memory.
[resources:cfx-gomsty] Asset cfx-gomstyling-subpack-2/gstbisxl1b.ytd uses 21.5 MiB of physical memory.
[resources:cfx-gomsty] Asset cfx-gomstyling-subpack-2/gstbisxl3.ytd uses 29.0 MiB of physical memory.
[resources:cfx-gomsty] Asset cfx-gomstyling-subpack-2/gstbisxl3rpg.ytd uses 31.0 MiB of physical memory.
[resources:cfx-gomsty] Asset cfx-gomstyling-subpack-2/gstbisxl5.ytd uses 29.0 MiB of physical memory.
[resources:cfx-gomsty] Asset cfx-gomstyling-subpack-2/gstbls1.ytd uses 39.0 MiB of physical memory.
[resources:cfx-gomsty] Asset cfx-gomstyling-subpack-2/gstbul1.ytd uses 66.0 MiB of physical memory. Oversized assets can and WILL lead to streaming issues (such as models not loading/rendering).
[resources:cfx-gomsty] Asset cfx-gomstyling-subpack-2/gstcdy1.ytd uses 142.0 MiB of physical memory. Oversized assets can and WILL lead to streaming issues (such as models not loading/rendering).
[resources:cfx-gomsty] Asset cfx-gomstyling-subpack-2/gstcdy1d.ytd uses 142.0 MiB of physical memory. Oversized assets can and WILL lead to streaming issues (such as models not loading/rendering).
[           resources] Started resource cfx-gomstyling-subpack-2 (64 warnings)
[resources:cfx-gomsty] Asset cfx-gomstyling-subpack-3/gstcdy1rpg.ytd uses 144.0 MiB of physical memory. Oversized assets can and WILL lead to streaming issues (such as models not loading/rendering).
[resources:cfx-gomsty] Asset cfx-gomstyling-subpack-3/gstcdy2.ytd uses 16.2 MiB of physical memory.
[resources:cfx-gomsty] Asset cfx-gomstyling-subpack-3/gstcdy2b.ytd uses 32.5 MiB of physical memory.
[resources:cfx-gomsty] Asset cfx-gomstyling-subpack-3/gstcdy2c.ytd uses 32.5 MiB of physical memory.
[resources:cfx-gomsty] Asset cfx-gomstyling-subpack-3/gstcdy2d.ytd uses 32.5 MiB of physical memory.
[resources:cfx-gomsty] Asset cfx-gomstyling-subpack-3/gstcdy2polng.ytd uses 26.8 MiB of physical memory.
[resources:cfx-gomsty] Asset cfx-gomstyling-subpack-3/gstcentenfero_livery1.yft uses 32.0 MiB of physical memory.
[resources:cfx-gomsty] Asset cfx-gomstyling-subpack-3/gstcentenfero_livery10.yft uses 32.0 MiB of physical memory.
[resources:cfx-gomsty] Asset cfx-gomstyling-subpack-3/gstcentenfero_livery11.yft uses 32.0 MiB of physical memory.
[resources:cfx-gomsty] Asset cfx-gomstyling-subpack-3/gstcentenfero_livery12.yft uses 32.0 MiB of physical memory.
[resources:cfx-gomsty] Asset cfx-gomstyling-subpack-3/gstcentenfero_livery13.yft uses 32.0 MiB of physical memory.
[resources:cfx-gomsty] Asset cfx-gomstyling-subpack-3/gstcentenfero_livery14.yft uses 32.0 MiB of physical memory.
[resources:cfx-gomsty] Asset cfx-gomstyling-subpack-3/gstcentenfero_livery15.yft uses 32.0 MiB of physical memory.
[resources:cfx-gomsty] Asset cfx-gomstyling-subpack-3/gstcentenfero_livery16.yft uses 32.0 MiB of physical memory.
[resources:cfx-gomsty] Asset cfx-gomstyling-subpack-3/gstcentenfero_livery17.yft uses 32.0 MiB of physical memory.
[resources:cfx-gomsty] Asset cfx-gomstyling-subpack-3/gstcentenfero_livery2.yft uses 32.0 MiB of physical memory.
[resources:cfx-gomsty] Asset cfx-gomstyling-subpack-3/gstcentenfero_livery3.yft uses 32.0 MiB of physical memory.
[resources:cfx-gomsty] Asset cfx-gomstyling-subpack-3/gstcentenfero_livery4.yft uses 32.0 MiB of physical memory.
[resources:cfx-gomsty] Asset cfx-gomstyling-subpack-3/gstcentenfero_livery5.yft uses 32.0 MiB of physical memory.
[resources:cfx-gomsty] Asset cfx-gomstyling-subpack-3/gstcentenfero_livery6.yft uses 32.0 MiB of physical memory.
[resources:cfx-gomsty] Asset cfx-gomstyling-subpack-3/gstcentenfero_livery7.yft uses 32.0 MiB of physical memory.
[resources:cfx-gomsty] Asset cfx-gomstyling-subpack-3/gstcentenfero_livery8.yft uses 32.0 MiB of physical memory.
[resources:cfx-gomsty] Asset cfx-gomstyling-subpack-3/gstcentenfero_livery9.yft uses 32.0 MiB of physical memory.
[resources:cfx-gomsty] Asset cfx-gomstyling-subpack-3/gstcentenfero_liverypol.yft uses 32.0 MiB of physical memory.
[resources:cfx-gomsty] Asset cfx-gomstyling-subpack-3/gstcom1.ytd uses 44.0 MiB of physical memory.
[resources:cfx-gomsty] Asset cfx-gomstyling-subpack-3/gstcs22.ytd uses 35.0 MiB of physical memory.
[resources:cfx-gomsty] Asset cfx-gomstyling-subpack-3/gstcyp1.ytd uses 94.0 MiB of physical memory. Oversized assets can and WILL lead to streaming issues (such as models not loading/rendering).
[resources:cfx-gomsty] Asset cfx-gomstyling-subpack-3/gstcypt1b.ytd uses 18.0 MiB of physical memory.
[resources:cfx-gomsty] Asset cfx-gomstyling-subpack-3/gstd104_livery1.yft uses 32.0 MiB of physical memory.
[resources:cfx-gomsty] Asset cfx-gomstyling-subpack-3/gstd104_livery10.yft uses 32.0 MiB of physical memory.
[resources:cfx-gomsty] Asset cfx-gomstyling-subpack-3/gstd104_livery2.yft uses 32.0 MiB of physical memory.
[resources:cfx-gomsty] Asset cfx-gomstyling-subpack-3/gstd104_livery3.yft uses 32.0 MiB of physical memory.
[resources:cfx-gomsty] Asset cfx-gomstyling-subpack-3/gstd104_livery4.yft uses 32.0 MiB of physical memory.
[resources:cfx-gomsty] Asset cfx-gomstyling-subpack-3/gstd104_livery5.yft uses 32.0 MiB of physical memory.
[resources:cfx-gomsty] Asset cfx-gomstyling-subpack-3/gstd104_livery6.yft uses 32.0 MiB of physical memory.
[resources:cfx-gomsty] Asset cfx-gomstyling-subpack-3/gstd104_livery7.yft uses 32.0 MiB of physical memory.
[resources:cfx-gomsty] Asset cfx-gomstyling-subpack-3/gstd104_livery8.yft uses 32.0 MiB of physical memory.
[resources:cfx-gomsty] Asset cfx-gomstyling-subpack-3/gstd104_livery9.yft uses 32.0 MiB of physical memory.
[resources:cfx-gomsty] Asset cfx-gomstyling-subpack-3/gstdel1.ytd uses 38.0 MiB of physical memory.
[resources:cfx-gomsty] Asset cfx-gomstyling-subpack-3/gstdomgt241_liv10.yft uses 32.0 MiB of physical memory.
[resources:cfx-gomsty] Asset cfx-gomstyling-subpack-3/gstdomgt241_liv11.yft uses 32.0 MiB of physical memory.
[resources:cfx-gomsty] Asset cfx-gomstyling-subpack-3/gstdomgt241_liv12.yft uses 32.0 MiB of physical memory.
[resources:cfx-gomsty] Asset cfx-gomstyling-subpack-3/gstdomgt241_liv13.yft uses 32.0 MiB of physical memory.
[resources:cfx-gomsty] Asset cfx-gomstyling-subpack-3/gstdomgt241_liv14.yft uses 32.0 MiB of physical memory.
[resources:cfx-gomsty] Asset cfx-gomstyling-subpack-3/gstdomgt241_liv15.yft uses 32.0 MiB of physical memory.
[resources:cfx-gomsty] Asset cfx-gomstyling-subpack-3/gstdomgt241_liv16.yft uses 32.0 MiB of physical memory.
[resources:cfx-gomsty] Asset cfx-gomstyling-subpack-3/gstdomgt241_liv18.yft uses 32.0 MiB of physical memory.
[resources:cfx-gomsty] Asset cfx-gomstyling-subpack-3/gstdomgt241_liv19.yft uses 32.0 MiB of physical memory.
[resources:cfx-gomsty] Asset cfx-gomstyling-subpack-3/gstdomgt241_liv2.yft uses 32.0 MiB of physical memory.
[resources:cfx-gomsty] Asset cfx-gomstyling-subpack-3/gstdomgt241_liv20.yft uses 32.0 MiB of physical memory.
[resources:cfx-gomsty] Asset cfx-gomstyling-subpack-3/gstdomgt241_liv21.yft uses 32.0 MiB of physical memory.
[resources:cfx-gomsty] Asset cfx-gomstyling-subpack-3/gstdomgt241_liv22.yft uses 32.0 MiB of physical memory.
[resources:cfx-gomsty] Asset cfx-gomstyling-subpack-3/gstdomgt241_liv23.yft uses 32.0 MiB of physical memory.
[resources:cfx-gomsty] Asset cfx-gomstyling-subpack-3/gstdomgt241_liv24.yft uses 32.0 MiB of physical memory.
[resources:cfx-gomsty] Asset cfx-gomstyling-subpack-3/gstdomgt241_liv25.yft uses 32.0 MiB of physical memory.
[resources:cfx-gomsty] Asset cfx-gomstyling-subpack-3/gstdomgt241_liv3.yft uses 32.0 MiB of physical memory.
[resources:cfx-gomsty] Asset cfx-gomstyling-subpack-3/gstdomgt241_liv30.yft uses 32.0 MiB of physical memory.
[resources:cfx-gomsty] Asset cfx-gomstyling-subpack-3/gstdomgt241_liv31.yft uses 32.0 MiB of physical memory.
[resources:cfx-gomsty] Asset cfx-gomstyling-subpack-3/gstdomgt241_liv32.yft uses 32.0 MiB of physical memory.
[resources:cfx-gomsty] Asset cfx-gomstyling-subpack-3/gstdomgt241_liv33.yft uses 32.0 MiB of physical memory.
[resources:cfx-gomsty] Asset cfx-gomstyling-subpack-3/gstdomgt241_liv34.yft uses 32.0 MiB of physical memory.
[resources:cfx-gomsty] Asset cfx-gomstyling-subpack-3/gstdomgt241_liv35.yft uses 32.0 MiB of physical memory.
[resources:cfx-gomsty] Asset cfx-gomstyling-subpack-3/gstdomgt241_liv4.yft uses 32.0 MiB of physical memory.
[resources:cfx-gomsty] Asset cfx-gomstyling-subpack-3/gstdomgt241_liv5.yft uses 32.0 MiB of physical memory.
[resources:cfx-gomsty] Asset cfx-gomstyling-subpack-3/gstdomgt241_liv6.yft uses 32.0 MiB of physical memory.
[resources:cfx-gomsty] Asset cfx-gomstyling-subpack-3/gstdomgt241_liv7.yft uses 32.0 MiB of physical memory.
[resources:cfx-gomsty] Asset cfx-gomstyling-subpack-3/gstdomgt241_liv8.yft uses 32.0 MiB of physical memory.
[resources:cfx-gomsty] Asset cfx-gomstyling-subpack-3/gstdomgt241_liv9.yft uses 32.0 MiB of physical memory.
[resources:cfx-gomsty] Asset cfx-gomstyling-subpack-3/gstdomgt4.ytd uses 20.0 MiB of physical memory.
[           resources] Started resource cfx-gomstyling-subpack-3 (69 warnings)
[resources:cfx-gomsty] Asset cfx-gomstyling-subpack-4/gstdomgtt5.ytd uses 124.0 MiB of physical memory. Oversized assets can and WILL lead to streaming issues (such as models not loading/rendering).
[resources:cfx-gomsty] Asset cfx-gomstyling-subpack-4/gstdrtvigzx1.ytd uses 36.0 MiB of physical memory.
[resources:cfx-gomsty] Asset cfx-gomstyling-subpack-4/gstdst1.ytd uses 22.0 MiB of physical memory.
[resources:cfx-gomsty] Asset cfx-gomstyling-subpack-4/gstdst1b.ytd uses 23.0 MiB of physical memory.
[resources:cfx-gomsty] Asset cfx-gomstyling-subpack-4/gstduk3.ytd uses 40.0 MiB of physical memory.
[resources:cfx-gomsty] Asset cfx-gomstyling-subpack-4/gstebk1_liv1.yft uses 32.0 MiB of physical memory.
[resources:cfx-gomsty] Asset cfx-gomstyling-subpack-4/gstebk1_liv2.yft uses 32.0 MiB of physical memory.
[resources:cfx-gomsty] Asset cfx-gomstyling-subpack-4/gstebk1_liv3.yft uses 32.0 MiB of physical memory.
[resources:cfx-gomsty] Asset cfx-gomstyling-subpack-4/gstebk1_liv4.yft uses 32.0 MiB of physical memory.
[resources:cfx-gomsty] Asset cfx-gomstyling-subpack-4/gstebk1_liv5.yft uses 32.0 MiB of physical memory.
[resources:cfx-gomsty] Asset cfx-gomstyling-subpack-4/gstebk1_liv6.yft uses 32.0 MiB of physical memory.
[resources:cfx-gomsty] Asset cfx-gomstyling-subpack-4/gstebk1_liv7.yft uses 32.0 MiB of physical memory.
[resources:cfx-gomsty] Asset cfx-gomstyling-subpack-4/gstebk1_liv8.yft uses 32.0 MiB of physical memory.
[resources:cfx-gomsty] Asset cfx-gomstyling-subpack-4/gstecstasy1_livery1.yft uses 64.0 MiB of physical memory. Oversized assets can and WILL lead to streaming issues (such as models not loading/rendering).
[resources:cfx-gomsty] Asset cfx-gomstyling-subpack-4/gstecstasy1_livery2.yft uses 64.0 MiB of physical memory. Oversized assets can and WILL lead to streaming issues (such as models not loading/rendering).
[resources:cfx-gomsty] Asset cfx-gomstyling-subpack-4/gstecstasy1_livery3.yft uses 64.0 MiB of physical memory. Oversized assets can and WILL lead to streaming issues (such as models not loading/rendering).
[resources:cfx-gomsty] Asset cfx-gomstyling-subpack-4/gstecstasy1_livery4.yft uses 64.0 MiB of physical memory. Oversized assets can and WILL lead to streaming issues (such as models not loading/rendering).
[resources:cfx-gomsty] Asset cfx-gomstyling-subpack-4/gstecstasy1_livery5.yft uses 64.0 MiB of physical memory. Oversized assets can and WILL lead to streaming issues (such as models not loading/rendering).
[resources:cfx-gomsty] Asset cfx-gomstyling-subpack-4/gstecstasy1_livery6.yft uses 64.0 MiB of physical memory. Oversized assets can and WILL lead to streaming issues (such as models not loading/rendering).
[resources:cfx-gomsty] Asset cfx-gomstyling-subpack-4/gstecstasy1_livery7.yft uses 64.0 MiB of physical memory. Oversized assets can and WILL lead to streaming issues (such as models not loading/rendering).
[resources:cfx-gomsty] Asset cfx-gomstyling-subpack-4/gstegt1.ytd uses 20.0 MiB of physical memory.
[resources:cfx-gomsty] Asset cfx-gomstyling-subpack-4/gstegt3_livery1.yft uses 32.0 MiB of physical memory.
[resources:cfx-gomsty] Asset cfx-gomstyling-subpack-4/gstegt3_livery10.yft uses 32.0 MiB of physical memory.
[resources:cfx-gomsty] Asset cfx-gomstyling-subpack-4/gstegt3_livery11.yft uses 32.0 MiB of physical memory.
[resources:cfx-gomsty] Asset cfx-gomstyling-subpack-4/gstegt3_livery12.yft uses 32.0 MiB of physical memory.
[resources:cfx-gomsty] Asset cfx-gomstyling-subpack-4/gstegt3_livery13.yft uses 32.0 MiB of physical memory.
[resources:cfx-gomsty] Asset cfx-gomstyling-subpack-4/gstegt3_livery14.yft uses 32.0 MiB of physical memory.
[resources:cfx-gomsty] Asset cfx-gomstyling-subpack-4/gstegt3_livery15.yft uses 32.0 MiB of physical memory.
[resources:cfx-gomsty] Asset cfx-gomstyling-subpack-4/gstegt3_livery16.yft uses 32.0 MiB of physical memory.
[resources:cfx-gomsty] Asset cfx-gomstyling-subpack-4/gstegt3_livery17.yft uses 32.0 MiB of physical memory.
[resources:cfx-gomsty] Asset cfx-gomstyling-subpack-4/gstegt3_livery2.yft uses 32.0 MiB of physical memory.
[resources:cfx-gomsty] Asset cfx-gomstyling-subpack-4/gstegt3_livery3.yft uses 32.0 MiB of physical memory.
[resources:cfx-gomsty] Asset cfx-gomstyling-subpack-4/gstegt3_livery4.yft uses 32.0 MiB of physical memory.
[resources:cfx-gomsty] Asset cfx-gomstyling-subpack-4/gstegt3_livery5.yft uses 32.0 MiB of physical memory.
[resources:cfx-gomsty] Asset cfx-gomstyling-subpack-4/gstegt3_livery6.yft uses 32.0 MiB of physical memory.
[resources:cfx-gomsty] Asset cfx-gomstyling-subpack-4/gstegt3_livery7.yft uses 32.0 MiB of physical memory.
[resources:cfx-gomsty] Asset cfx-gomstyling-subpack-4/gstegt3_livery8.yft uses 32.0 MiB of physical memory.
[resources:cfx-gomsty] Asset cfx-gomstyling-subpack-4/gstegt3_livery9.yft uses 32.0 MiB of physical memory.
[resources:cfx-gomsty] Asset cfx-gomstyling-subpack-4/gstelectron1_livery1.yft uses 32.0 MiB of physical memory.
[resources:cfx-gomsty] Asset cfx-gomstyling-subpack-4/gstelectron1_livery2.yft uses 32.0 MiB of physical memory.
[resources:cfx-gomsty] Asset cfx-gomstyling-subpack-4/gstelectron1_livery3.yft uses 32.0 MiB of physical memory.
[resources:cfx-gomsty] Asset cfx-gomstyling-subpack-4/gstelectron1_livery4.yft uses 32.0 MiB of physical memory.
[resources:cfx-gomsty] Asset cfx-gomstyling-subpack-4/gstelectron1_livery5.yft uses 32.0 MiB of physical memory.
[resources:cfx-gomsty] Asset cfx-gomstyling-subpack-4/gstelectron1_livery6.yft uses 32.0 MiB of physical memory.
[resources:cfx-gomsty] Asset cfx-gomstyling-subpack-4/gstelectron1_livery7.yft uses 32.0 MiB of physical memory.
[resources:cfx-gomsty] Asset cfx-gomstyling-subpack-4/gstetrk1.ytd uses 37.0 MiB of physical memory.
[resources:cfx-gomsty] Asset cfx-gomstyling-subpack-4/gstetrk1b.ytd uses 41.0 MiB of physical memory.
[resources:cfx-gomsty] Asset cfx-gomstyling-subpack-4/gstetrk1c.ytd uses 37.0 MiB of physical memory.
[resources:cfx-gomsty] Asset cfx-gomstyling-subpack-4/gstetrk1rpg.ytd uses 40.0 MiB of physical memory.
[resources:cfx-gomsty] Asset cfx-gomstyling-subpack-4/gstetrk5polng.ytd uses 18.8 MiB of physical memory.
[resources:cfx-gomsty] Asset cfx-gomstyling-subpack-4/gstfutors1_livery1.yft uses 32.0 MiB of physical memory.
[resources:cfx-gomsty] Asset cfx-gomstyling-subpack-4/gstfutors1_livery10.yft uses 32.0 MiB of physical memory.
[resources:cfx-gomsty] Asset cfx-gomstyling-subpack-4/gstfutors1_livery11.yft uses 32.0 MiB of physical memory.
[resources:cfx-gomsty] Asset cfx-gomstyling-subpack-4/gstfutors1_livery12.yft uses 32.0 MiB of physical memory.
[resources:cfx-gomsty] Asset cfx-gomstyling-subpack-4/gstfutors1_livery13.yft uses 32.0 MiB of physical memory.
[resources:cfx-gomsty] Asset cfx-gomstyling-subpack-4/gstfutors1_livery14.yft uses 32.0 MiB of physical memory.
[resources:cfx-gomsty] Asset cfx-gomstyling-subpack-4/gstfutors1_livery15.yft uses 32.0 MiB of physical memory.
[resources:cfx-gomsty] Asset cfx-gomstyling-subpack-4/gstfutors1_livery16.yft uses 32.0 MiB of physical memory.
[resources:cfx-gomsty] Asset cfx-gomstyling-subpack-4/gstfutors1_livery2.yft uses 32.0 MiB of physical memory.
[resources:cfx-gomsty] Asset cfx-gomstyling-subpack-4/gstfutors1_livery3.yft uses 32.0 MiB of physical memory.
[resources:cfx-gomsty] Asset cfx-gomstyling-subpack-4/gstfutors1_livery4.yft uses 32.0 MiB of physical memory.
[resources:cfx-gomsty] Asset cfx-gomstyling-subpack-4/gstfutors1_livery5.yft uses 32.0 MiB of physical memory.
[resources:cfx-gomsty] Asset cfx-gomstyling-subpack-4/gstfutors1_livery6.yft uses 32.0 MiB of physical memory.
[resources:cfx-gomsty] Asset cfx-gomstyling-subpack-4/gstfutors1_livery7.yft uses 32.0 MiB of physical memory.
[resources:cfx-gomsty] Asset cfx-gomstyling-subpack-4/gstfutors1_livery8.yft uses 32.0 MiB of physical memory.
[resources:cfx-gomsty] Asset cfx-gomstyling-subpack-4/gstfutors1_livery9.yft uses 32.0 MiB of physical memory.
[resources:cfx-gomsty] Asset cfx-gomstyling-subpack-4/gstgaunt2.ytd uses 24.0 MiB of physical memory.
[resources:cfx-gomsty] Asset cfx-gomstyling-subpack-4/gstgoose1.ytd uses 20.5 MiB of physical memory.
[resources:cfx-gomsty] Asset cfx-gomstyling-subpack-4/gstgoose1b.ytd uses 20.5 MiB of physical memory.
[resources:cfx-gomsty] Asset cfx-gomstyling-subpack-4/gstgoose1rpg.ytd uses 22.5 MiB of physical memory.
[resources:cfx-gomsty] Asset cfx-gomstyling-subpack-4/gstgrs1.ytd uses 39.0 MiB of physical memory.
[resources:cfx-gomsty] Asset cfx-gomstyling-subpack-4/gstgrs1b.ytd uses 39.0 MiB of physical memory.
[resources:cfx-gomsty] Asset cfx-gomstyling-subpack-4/gstgrs6polng.ytd uses 20.2 MiB of physical memory.
[           resources] Started resource cfx-gomstyling-subpack-4 (73 warnings)
[resources:cfx-gomsty] Asset cfx-gomstyling-subpack-5/gsthrn1.ytd uses 81.0 MiB of physical memory. Oversized assets can and WILL lead to streaming issues (such as models not loading/rendering).
[resources:cfx-gomsty] Asset cfx-gomstyling-subpack-5/gsthus_liv1.yft uses 32.0 MiB of physical memory.
[resources:cfx-gomsty] Asset cfx-gomstyling-subpack-5/gsthus_liv10.yft uses 32.0 MiB of physical memory.
[resources:cfx-gomsty] Asset cfx-gomstyling-subpack-5/gsthus_liv11.yft uses 32.0 MiB of physical memory.
[resources:cfx-gomsty] Asset cfx-gomstyling-subpack-5/gsthus_liv12.yft uses 32.0 MiB of physical memory.
[resources:cfx-gomsty] Asset cfx-gomstyling-subpack-5/gsthus_liv13.yft uses 32.0 MiB of physical memory.
[resources:cfx-gomsty] Asset cfx-gomstyling-subpack-5/gsthus_liv14.yft uses 32.0 MiB of physical memory.
[resources:cfx-gomsty] Asset cfx-gomstyling-subpack-5/gsthus_liv15.yft uses 32.0 MiB of physical memory.
[resources:cfx-gomsty] Asset cfx-gomstyling-subpack-5/gsthus_liv2.yft uses 32.0 MiB of physical memory.
[resources:cfx-gomsty] Asset cfx-gomstyling-subpack-5/gsthus_liv3.yft uses 32.0 MiB of physical memory.
[resources:cfx-gomsty] Asset cfx-gomstyling-subpack-5/gsthus_liv4.yft uses 32.0 MiB of physical memory.
[resources:cfx-gomsty] Asset cfx-gomstyling-subpack-5/gsthus_liv5.yft uses 32.0 MiB of physical memory.
[resources:cfx-gomsty] Asset cfx-gomstyling-subpack-5/gsthus_liv6.yft uses 32.0 MiB of physical memory.
[resources:cfx-gomsty] Asset cfx-gomstyling-subpack-5/gsthus_liv7.yft uses 32.0 MiB of physical memory.
[resources:cfx-gomsty] Asset cfx-gomstyling-subpack-5/gsthus_liv8.yft uses 32.0 MiB of physical memory.
[resources:cfx-gomsty] Asset cfx-gomstyling-subpack-5/gsthus_liv9.yft uses 32.0 MiB of physical memory.
[resources:cfx-gomsty] Asset cfx-gomstyling-subpack-5/gstign1.ytd uses 18.0 MiB of physical memory.
[resources:cfx-gomsty] Asset cfx-gomstyling-subpack-5/gstign2.ytd uses 33.0 MiB of physical memory.
[resources:cfx-gomsty] Asset cfx-gomstyling-subpack-5/gstimp1.ytd uses 22.0 MiB of physical memory.
[resources:cfx-gomsty] Asset cfx-gomstyling-subpack-5/gstimplx1.ytd uses 67.0 MiB of physical memory. Oversized assets can and WILL lead to streaming issues (such as models not loading/rendering).
[resources:cfx-gomsty] Asset cfx-gomstyling-subpack-5/gstingnt1.ytd uses 30.0 MiB of physical memory.
[resources:cfx-gomsty] Asset cfx-gomstyling-subpack-5/gstingnt1b.ytd uses 43.0 MiB of physical memory.
[resources:cfx-gomsty] Asset cfx-gomstyling-subpack-5/gstintrp1b_livery1.yft uses 32.0 MiB of physical memory.
[resources:cfx-gomsty] Asset cfx-gomstyling-subpack-5/gstintrp1b_livery2.yft uses 32.0 MiB of physical memory.
[resources:cfx-gomsty] Asset cfx-gomstyling-subpack-5/gstintrp1b_livery3.yft uses 32.0 MiB of physical memory.
[resources:cfx-gomsty] Asset cfx-gomstyling-subpack-5/gstintrp1b_livery4.yft uses 32.0 MiB of physical memory.
[resources:cfx-gomsty] Asset cfx-gomstyling-subpack-5/gstissic1.ytd uses 64.0 MiB of physical memory. Oversized assets can and WILL lead to streaming issues (such as models not loading/rendering).
[resources:cfx-gomsty] Asset cfx-gomstyling-subpack-5/gstjc1.ytd uses 96.0 MiB of physical memory. Oversized assets can and WILL lead to streaming issues (such as models not loading/rendering).
[resources:cfx-gomsty] Asset cfx-gomstyling-subpack-5/gstjc2.ytd uses 35.0 MiB of physical memory.
[resources:cfx-gomsty] Asset cfx-gomstyling-subpack-5/gstjrz1_Livery1_HKWorks.yft uses 64.0 MiB of physical memory. Oversized assets can and WILL lead to streaming issues (such as models not loading/rendering).
[resources:cfx-gomsty] Asset cfx-gomstyling-subpack-5/gstjrz1_Livery2_HKWorks.yft uses 64.0 MiB of physical memory. Oversized assets can and WILL lead to streaming issues (such as models not loading/rendering).
[resources:cfx-gomsty] Asset cfx-gomstyling-subpack-5/gstjrz1_Livery3_HKWorks.yft uses 64.0 MiB of physical memory. Oversized assets can and WILL lead to streaming issues (such as models not loading/rendering).
[resources:cfx-gomsty] Asset cfx-gomstyling-subpack-5/gstjrz1_Livery4_HKWorks.yft uses 64.0 MiB of physical memory. Oversized assets can and WILL lead to streaming issues (such as models not loading/rendering).
[resources:cfx-gomsty] Asset cfx-gomstyling-subpack-5/gstjrz1_Livery5_HKWorks.yft uses 64.0 MiB of physical memory. Oversized assets can and WILL lead to streaming issues (such as models not loading/rendering).
[resources:cfx-gomsty] Asset cfx-gomstyling-subpack-5/gstjrz1_Livery6_HKWorks.yft uses 64.0 MiB of physical memory. Oversized assets can and WILL lead to streaming issues (such as models not loading/rendering).
[resources:cfx-gomsty] Asset cfx-gomstyling-subpack-5/gstmon1.ytd uses 19.0 MiB of physical memory.
[resources:cfx-gomsty] Asset cfx-gomstyling-subpack-5/gstneon1.ytd uses 17.0 MiB of physical memory.
[resources:cfx-gomsty] Asset cfx-gomstyling-subpack-5/gstnex1.ytd uses 21.0 MiB of physical memory.
[resources:cfx-gomsty] Asset cfx-gomstyling-subpack-5/gstnex1b.ytd uses 21.0 MiB of physical memory.
[resources:cfx-gomsty] Asset cfx-gomstyling-subpack-5/gstns1.ytd uses 39.0 MiB of physical memory.
[resources:cfx-gomsty] Asset cfx-gomstyling-subpack-5/gstpaladingt_livery1.yft uses 32.0 MiB of physical memory.
[resources:cfx-gomsty] Asset cfx-gomstyling-subpack-5/gstpaladingt_livery10.yft uses 32.0 MiB of physical memory.
[resources:cfx-gomsty] Asset cfx-gomstyling-subpack-5/gstpaladingt_livery11.yft uses 32.0 MiB of physical memory.
[resources:cfx-gomsty] Asset cfx-gomstyling-subpack-5/gstpaladingt_livery12.yft uses 32.0 MiB of physical memory.
[resources:cfx-gomsty] Asset cfx-gomstyling-subpack-5/gstpaladingt_livery13.yft uses 32.0 MiB of physical memory.
[resources:cfx-gomsty] Asset cfx-gomstyling-subpack-5/gstpaladingt_livery14.yft uses 32.0 MiB of physical memory.
[resources:cfx-gomsty] Asset cfx-gomstyling-subpack-5/gstpaladingt_livery15.yft uses 32.0 MiB of physical memory.
[resources:cfx-gomsty] Asset cfx-gomstyling-subpack-5/gstpaladingt_livery16.yft uses 32.0 MiB of physical memory.
[resources:cfx-gomsty] Asset cfx-gomstyling-subpack-5/gstpaladingt_livery17.yft uses 32.0 MiB of physical memory.
[resources:cfx-gomsty] Asset cfx-gomstyling-subpack-5/gstpaladingt_livery18.yft uses 32.0 MiB of physical memory.
[resources:cfx-gomsty] Asset cfx-gomstyling-subpack-5/gstpaladingt_livery19.yft uses 32.0 MiB of physical memory.
[resources:cfx-gomsty] Asset cfx-gomstyling-subpack-5/gstpaladingt_livery2.yft uses 32.0 MiB of physical memory.
[resources:cfx-gomsty] Asset cfx-gomstyling-subpack-5/gstpaladingt_livery20.yft uses 32.0 MiB of physical memory.
[resources:cfx-gomsty] Asset cfx-gomstyling-subpack-5/gstpaladingt_livery21.yft uses 32.0 MiB of physical memory.
[resources:cfx-gomsty] Asset cfx-gomstyling-subpack-5/gstpaladingt_livery22.yft uses 32.0 MiB of physical memory.
[resources:cfx-gomsty] Asset cfx-gomstyling-subpack-5/gstpaladingt_livery23.yft uses 32.0 MiB of physical memory.
[resources:cfx-gomsty] Asset cfx-gomstyling-subpack-5/gstpaladingt_livery3.yft uses 32.0 MiB of physical memory.
[resources:cfx-gomsty] Asset cfx-gomstyling-subpack-5/gstpaladingt_livery4.yft uses 32.0 MiB of physical memory.
[resources:cfx-gomsty] Asset cfx-gomstyling-subpack-5/gstpaladingt_livery5.yft uses 32.0 MiB of physical memory.
[resources:cfx-gomsty] Asset cfx-gomstyling-subpack-5/gstpaladingt_livery6.yft uses 32.0 MiB of physical memory.
[resources:cfx-gomsty] Asset cfx-gomstyling-subpack-5/gstpaladingt_livery7.yft uses 32.0 MiB of physical memory.
[resources:cfx-gomsty] Asset cfx-gomstyling-subpack-5/gstpaladingt_livery8.yft uses 32.0 MiB of physical memory.
[resources:cfx-gomsty] Asset cfx-gomstyling-subpack-5/gstpaladingt_livery9.yft uses 32.0 MiB of physical memory.
[resources:cfx-gomsty] Asset cfx-gomstyling-subpack-5/gstpan1.ytd uses 43.0 MiB of physical memory.
[resources:cfx-gomsty] Asset cfx-gomstyling-subpack-5/gstparas1.ytd uses 49.0 MiB of physical memory. Oversized assets can and WILL lead to streaming issues (such as models not loading/rendering).
[resources:cfx-gomsty] Asset cfx-gomstyling-subpack-5/gstpmp1b.ytd uses 42.0 MiB of physical memory.
[           resources] Started resource cfx-gomstyling-subpack-5 (66 warnings)
[resources:cfx-gomsty] Asset cfx-gomstyling-subpack-6/gstpmp2b.ytd uses 42.0 MiB of physical memory.
[resources:cfx-gomsty] Asset cfx-gomstyling-subpack-6/gstpmp7polng.ytd uses 20.1 MiB of physical memory.
[resources:cfx-gomsty] Asset cfx-gomstyling-subpack-6/gstpmp7s1_livery1.yft uses 32.0 MiB of physical memory.
[resources:cfx-gomsty] Asset cfx-gomstyling-subpack-6/gstpmp7s1_livery10.yft uses 32.0 MiB of physical memory.
[resources:cfx-gomsty] Asset cfx-gomstyling-subpack-6/gstpmp7s1_livery11.yft uses 32.0 MiB of physical memory.
[resources:cfx-gomsty] Asset cfx-gomstyling-subpack-6/gstpmp7s1_livery12.yft uses 32.0 MiB of physical memory.
[resources:cfx-gomsty] Asset cfx-gomstyling-subpack-6/gstpmp7s1_livery2.yft uses 32.0 MiB of physical memory.
[resources:cfx-gomsty] Asset cfx-gomstyling-subpack-6/gstpmp7s1_livery3.yft uses 32.0 MiB of physical memory.
[resources:cfx-gomsty] Asset cfx-gomstyling-subpack-6/gstpmp7s1_livery4.yft uses 32.0 MiB of physical memory.
[resources:cfx-gomsty] Asset cfx-gomstyling-subpack-6/gstpmp7s1_livery5.yft uses 32.0 MiB of physical memory.
[resources:cfx-gomsty] Asset cfx-gomstyling-subpack-6/gstpmp7s1_livery6.yft uses 32.0 MiB of physical memory.
[resources:cfx-gomsty] Asset cfx-gomstyling-subpack-6/gstpmp7s1_livery7.yft uses 32.0 MiB of physical memory.
[resources:cfx-gomsty] Asset cfx-gomstyling-subpack-6/gstpmp7s1_livery8.yft uses 32.0 MiB of physical memory.
[resources:cfx-gomsty] Asset cfx-gomstyling-subpack-6/gstpmp7s1_livery9.yft uses 32.0 MiB of physical memory.
[resources:cfx-gomsty] Asset cfx-gomstyling-subpack-6/gstraid3.ytd uses 20.0 MiB of physical memory.
[resources:cfx-gomsty] Asset cfx-gomstyling-subpack-6/gstrema1_livery1.yft uses 32.0 MiB of physical memory.
[resources:cfx-gomsty] Asset cfx-gomstyling-subpack-6/gstrema1b_livery1.yft uses 32.0 MiB of physical memory.
[resources:cfx-gomsty] Asset cfx-gomstyling-subpack-6/gstrema1f_livery1.yft uses 32.0 MiB of physical memory.
[resources:cfx-gomsty] Asset cfx-gomstyling-subpack-6/gstrema1f_livery2.yft uses 32.0 MiB of physical memory.
[resources:cfx-gomsty] Asset cfx-gomstyling-subpack-6/gstrema1f_livery3.yft uses 32.0 MiB of physical memory.
[resources:cfx-gomsty] Asset cfx-gomstyling-subpack-6/gstrgt1.ytd uses 17.0 MiB of physical memory.
[resources:cfx-gomsty] Asset cfx-gomstyling-subpack-6/gstrgt1b.ytd uses 65.0 MiB of physical memory. Oversized assets can and WILL lead to streaming issues (such as models not loading/rendering).
[resources:cfx-gomsty] Asset cfx-gomstyling-subpack-6/gstrh51.ytd uses 34.0 MiB of physical memory.
[resources:cfx-gomsty] Asset cfx-gomstyling-subpack-6/gstrh5pm1_livery1.yft uses 32.0 MiB of physical memory.
[resources:cfx-gomsty] Asset cfx-gomstyling-subpack-6/gstrh5pm1_livery2.yft uses 32.0 MiB of physical memory.
[resources:cfx-gomsty] Asset cfx-gomstyling-subpack-6/gstrh5pm1_livery3.yft uses 32.0 MiB of physical memory.
[resources:cfx-gomsty] Asset cfx-gomstyling-subpack-6/gstrh5pm1_livery4.yft uses 32.0 MiB of physical memory.
[resources:cfx-gomsty] Asset cfx-gomstyling-subpack-6/gstrh5s1.ytd uses 24.0 MiB of physical memory.
[resources:cfx-gomsty] Asset cfx-gomstyling-subpack-6/gstrhi1.ytd uses 19.0 MiB of physical memory.
[resources:cfx-gomsty] Asset cfx-gomstyling-subpack-6/gsts121.ytd uses 33.0 MiB of physical memory.
[resources:cfx-gomsty] Asset cfx-gomstyling-subpack-6/gsts121b.ytd uses 36.0 MiB of physical memory.
[resources:cfx-gomsty] Asset cfx-gomstyling-subpack-6/gsts951.ytd uses 32.0 MiB of physical memory.
[resources:cfx-gomsty] Asset cfx-gomstyling-subpack-6/gsts951_liv1.yft uses 32.0 MiB of physical memory.
[resources:cfx-gomsty] Asset cfx-gomstyling-subpack-6/gsts951_liv2.yft uses 32.0 MiB of physical memory.
[resources:cfx-gomsty] Asset cfx-gomstyling-subpack-6/gsts951_liv3.yft uses 32.0 MiB of physical memory.
[resources:cfx-gomsty] Asset cfx-gomstyling-subpack-6/gsts951_liv4.yft uses 32.0 MiB of physical memory.
[resources:cfx-gomsty] Asset cfx-gomstyling-subpack-6/gstsadlt1.ytd uses 192.0 MiB of physical memory. Oversized assets can and WILL lead to streaming issues (such as models not loading/rendering).
[resources:cfx-gomsty] Asset cfx-gomstyling-subpack-6/gstsadlt1b.ytd uses 224.0 MiB of physical memory. Oversized assets can and WILL lead to streaming issues (such as models not loading/rendering).
[resources:cfx-gomsty] Asset cfx-gomstyling-subpack-6/gstsadlt1c.ytd uses 192.0 MiB of physical memory. Oversized assets can and WILL lead to streaming issues (such as models not loading/rendering).
[resources:cfx-gomsty] Asset cfx-gomstyling-subpack-6/gstsadlt1crpg.ytd uses 192.0 MiB of physical memory. Oversized assets can and WILL lead to streaming issues (such as models not loading/rendering).
[resources:cfx-gomsty] Asset cfx-gomstyling-subpack-6/gstsadlt1d.ytd uses 224.0 MiB of physical memory. Oversized assets can and WILL lead to streaming issues (such as models not loading/rendering).
[resources:cfx-gomsty] Asset cfx-gomstyling-subpack-6/gstsadlt2.ytd uses 192.0 MiB of physical memory. Oversized assets can and WILL lead to streaming issues (such as models not loading/rendering).
[           resources] Started resource cfx-gomstyling-subpack-6 (42 warnings)
[resources:cfx-gomsty] Asset cfx-gomstyling-subpack-7/gstsemxl1.ytd uses 39.0 MiB of physical memory.
[resources:cfx-gomsty] Asset cfx-gomstyling-subpack-7/gstsemxl1b.ytd uses 39.0 MiB of physical memory.
[resources:cfx-gomsty] Asset cfx-gomstyling-subpack-7/gstsemxl9polng.ytd uses 20.1 MiB of physical memory.
[resources:cfx-gomsty] Asset cfx-gomstyling-subpack-7/gstsentgtw1.ytd uses 21.5 MiB of physical memory.
[resources:cfx-gomsty] Asset cfx-gomstyling-subpack-7/gstsfubis1.ytd uses 33.0 MiB of physical memory.
[resources:cfx-gomsty] Asset cfx-gomstyling-subpack-7/gstsg71.ytd uses 22.0 MiB of physical memory.
[resources:cfx-gomsty] Asset cfx-gomstyling-subpack-7/gstsg72.ytd uses 22.0 MiB of physical memory.
[resources:cfx-gomsty] Asset cfx-gomstyling-subpack-7/gstsgr1_liv1.yft uses 32.0 MiB of physical memory.
[resources:cfx-gomsty] Asset cfx-gomstyling-subpack-7/gstsgr1_liv2.yft uses 32.0 MiB of physical memory.
[resources:cfx-gomsty] Asset cfx-gomstyling-subpack-7/gstsgr1_liv3.yft uses 32.0 MiB of physical memory.
[resources:cfx-gomsty] Asset cfx-gomstyling-subpack-7/gstsgr1_liv4.yft uses 32.0 MiB of physical memory.
[resources:cfx-gomsty] Asset cfx-gomstyling-subpack-7/gstsgr1_liv5.yft uses 32.0 MiB of physical memory.
[resources:cfx-gomsty] Asset cfx-gomstyling-subpack-7/gstsgr1_liv6.yft uses 32.0 MiB of physical memory.
[resources:cfx-gomsty] Asset cfx-gomstyling-subpack-7/gstsgr1_liv7.yft uses 32.0 MiB of physical memory.
[resources:cfx-gomsty] Asset cfx-gomstyling-subpack-7/gstslt1_livery1.yft uses 32.0 MiB of physical memory.
[resources:cfx-gomsty] Asset cfx-gomstyling-subpack-7/gstslt1_livery10.yft uses 32.0 MiB of physical memory.
[resources:cfx-gomsty] Asset cfx-gomstyling-subpack-7/gstslt1_livery11.yft uses 32.0 MiB of physical memory.
[resources:cfx-gomsty] Asset cfx-gomstyling-subpack-7/gstslt1_livery12.yft uses 32.0 MiB of physical memory.
[resources:cfx-gomsty] Asset cfx-gomstyling-subpack-7/gstslt1_livery13.yft uses 32.0 MiB of physical memory.
[resources:cfx-gomsty] Asset cfx-gomstyling-subpack-7/gstslt1_livery14.yft uses 32.0 MiB of physical memory.
[resources:cfx-gomsty] Asset cfx-gomstyling-subpack-7/gstslt1_livery15.yft uses 32.0 MiB of physical memory.
[resources:cfx-gomsty] Asset cfx-gomstyling-subpack-7/gstslt1_livery16.yft uses 32.0 MiB of physical memory.
[resources:cfx-gomsty] Asset cfx-gomstyling-subpack-7/gstslt1_livery17.yft uses 32.0 MiB of physical memory.
[resources:cfx-gomsty] Asset cfx-gomstyling-subpack-7/gstslt1_livery18.yft uses 32.0 MiB of physical memory.
[resources:cfx-gomsty] Asset cfx-gomstyling-subpack-7/gstslt1_livery19.yft uses 32.0 MiB of physical memory.
[resources:cfx-gomsty] Asset cfx-gomstyling-subpack-7/gstslt1_livery2.yft uses 32.0 MiB of physical memory.
[resources:cfx-gomsty] Asset cfx-gomstyling-subpack-7/gstslt1_livery20.yft uses 32.0 MiB of physical memory.
[resources:cfx-gomsty] Asset cfx-gomstyling-subpack-7/gstslt1_livery21.yft uses 32.0 MiB of physical memory.
[resources:cfx-gomsty] Asset cfx-gomstyling-subpack-7/gstslt1_livery22.yft uses 32.0 MiB of physical memory.
[resources:cfx-gomsty] Asset cfx-gomstyling-subpack-7/gstslt1_livery23.yft uses 32.0 MiB of physical memory.
[resources:cfx-gomsty] Asset cfx-gomstyling-subpack-7/gstslt1_livery24.yft uses 32.0 MiB of physical memory.
[resources:cfx-gomsty] Asset cfx-gomstyling-subpack-7/gstslt1_livery25.yft uses 32.0 MiB of physical memory.
[resources:cfx-gomsty] Asset cfx-gomstyling-subpack-7/gstslt1_livery26.yft uses 32.0 MiB of physical memory.
[resources:cfx-gomsty] Asset cfx-gomstyling-subpack-7/gstslt1_livery27.yft uses 32.0 MiB of physical memory.
[resources:cfx-gomsty] Asset cfx-gomstyling-subpack-7/gstslt1_livery3.yft uses 32.0 MiB of physical memory.
[resources:cfx-gomsty] Asset cfx-gomstyling-subpack-7/gstslt1_livery4.yft uses 32.0 MiB of physical memory.
[resources:cfx-gomsty] Asset cfx-gomstyling-subpack-7/gstslt1_livery5.yft uses 32.0 MiB of physical memory.
[resources:cfx-gomsty] Asset cfx-gomstyling-subpack-7/gstslt1_livery6.yft uses 32.0 MiB of physical memory.
[resources:cfx-gomsty] Asset cfx-gomstyling-subpack-7/gstslt1_livery7.yft uses 32.0 MiB of physical memory.
[resources:cfx-gomsty] Asset cfx-gomstyling-subpack-7/gstslt1_livery8.yft uses 32.0 MiB of physical memory.
[resources:cfx-gomsty] Asset cfx-gomstyling-subpack-7/gstslt1_livery9.yft uses 32.0 MiB of physical memory.
[resources:cfx-gomsty] Asset cfx-gomstyling-subpack-7/gstsulc1.ytd uses 66.0 MiB of physical memory. Oversized assets can and WILL lead to streaming issues (such as models not loading/rendering).
[resources:cfx-gomsty] Asset cfx-gomstyling-subpack-7/gstsulc1b.ytd uses 66.0 MiB of physical memory. Oversized assets can and WILL lead to streaming issues (such as models not loading/rendering).
[resources:cfx-gomsty] Asset cfx-gomstyling-subpack-7/gstsurf1.ytd uses 17.0 MiB of physical memory.
[resources:cfx-gomsty] Asset cfx-gomstyling-subpack-7/gstt203.ytd uses 24.0 MiB of physical memory.
[resources:cfx-gomsty] Asset cfx-gomstyling-subpack-7/gsttelos1.ytd uses 22.0 MiB of physical memory.
[resources:cfx-gomsty] Asset cfx-gomstyling-subpack-7/gstter11polng.ytd uses 17.5 MiB of physical memory.
[resources:cfx-gomsty] Asset cfx-gomstyling-subpack-7/gstter1b.ytd uses 24.0 MiB of physical memory.
[           resources] Started resource cfx-gomstyling-subpack-7 (48 warnings)
[resources:cfx-gomsty] Asset cfx-gomstyling-subpack-8/gsttorbull1.ytd uses 26.0 MiB of physical memory.
[resources:cfx-gomsty] Asset cfx-gomstyling-subpack-8/gsttorbull1b.ytd uses 44.0 MiB of physical memory.
[resources:cfx-gomsty] Asset cfx-gomstyling-subpack-8/gsttorle1.ytd uses 24.0 MiB of physical memory.
[resources:cfx-gomsty] Asset cfx-gomstyling-subpack-8/gsttorosxo1_livery1.yft uses 32.0 MiB of physical memory.
[resources:cfx-gomsty] Asset cfx-gomstyling-subpack-8/gsttorosxo1_livery10.yft uses 32.0 MiB of physical memory.
[resources:cfx-gomsty] Asset cfx-gomstyling-subpack-8/gsttorosxo1_livery11.yft uses 32.0 MiB of physical memory.
[resources:cfx-gomsty] Asset cfx-gomstyling-subpack-8/gsttorosxo1_livery12.yft uses 32.0 MiB of physical memory.
[resources:cfx-gomsty] Asset cfx-gomstyling-subpack-8/gsttorosxo1_livery13.yft uses 32.0 MiB of physical memory.
[resources:cfx-gomsty] Asset cfx-gomstyling-subpack-8/gsttorosxo1_livery2.yft uses 32.0 MiB of physical memory.
[resources:cfx-gomsty] Asset cfx-gomstyling-subpack-8/gsttorosxo1_livery3.yft uses 32.0 MiB of physical memory.
[resources:cfx-gomsty] Asset cfx-gomstyling-subpack-8/gsttorosxo1_livery4.yft uses 32.0 MiB of physical memory.
[resources:cfx-gomsty] Asset cfx-gomstyling-subpack-8/gsttorosxo1_livery5.yft uses 32.0 MiB of physical memory.
[resources:cfx-gomsty] Asset cfx-gomstyling-subpack-8/gsttorosxo1_livery6.yft uses 32.0 MiB of physical memory.
[resources:cfx-gomsty] Asset cfx-gomstyling-subpack-8/gsttorosxo1_livery7.yft uses 32.0 MiB of physical memory.
[resources:cfx-gomsty] Asset cfx-gomstyling-subpack-8/gsttorosxo1_livery8.yft uses 32.0 MiB of physical memory.
[resources:cfx-gomsty] Asset cfx-gomstyling-subpack-8/gsttorosxo1_livery9.yft uses 32.0 MiB of physical memory.
[resources:cfx-gomsty] Asset cfx-gomstyling-subpack-8/gsttrt1_liv1.yft uses 32.0 MiB of physical memory.
[resources:cfx-gomsty] Asset cfx-gomstyling-subpack-8/gsttrt1_liv2.yft uses 32.0 MiB of physical memory.
[resources:cfx-gomsty] Asset cfx-gomstyling-subpack-8/gsttrt1_liv3.yft uses 32.0 MiB of physical memory.
[resources:cfx-gomsty] Asset cfx-gomstyling-subpack-8/gsttrt1_liv4.yft uses 32.0 MiB of physical memory.
[resources:cfx-gomsty] Asset cfx-gomstyling-subpack-8/gsttrt1_liv5.yft uses 32.0 MiB of physical memory.
[resources:cfx-gomsty] Asset cfx-gomstyling-subpack-8/gsttrt1_liv6.yft uses 32.0 MiB of physical memory.
[resources:cfx-gomsty] Asset cfx-gomstyling-subpack-8/gsttul1_liv1.yft uses 32.0 MiB of physical memory.
[resources:cfx-gomsty] Asset cfx-gomstyling-subpack-8/gsttul1_liv2.yft uses 32.0 MiB of physical memory.
[resources:cfx-gomsty] Asset cfx-gomstyling-subpack-8/gsttul1_liv3.yft uses 32.0 MiB of physical memory.
[resources:cfx-gomsty] Asset cfx-gomstyling-subpack-8/gsttul1_liv4.yft uses 32.0 MiB of physical memory.
[resources:cfx-gomsty] Asset cfx-gomstyling-subpack-8/gsttul1_liv5.yft uses 32.0 MiB of physical memory.
[resources:cfx-gomsty] Asset cfx-gomstyling-subpack-8/gsttul1_liv6.yft uses 32.0 MiB of physical memory.
[resources:cfx-gomsty] Asset cfx-gomstyling-subpack-8/gsttul1_liv7.yft uses 32.0 MiB of physical memory.
[resources:cfx-gomsty] Asset cfx-gomstyling-subpack-8/gstturc1.ytd uses 87.0 MiB of physical memory. Oversized assets can and WILL lead to streaming issues (such as models not loading/rendering).
[resources:cfx-gomsty] Asset cfx-gomstyling-subpack-8/gsturan1.ytd uses 128.0 MiB of physical memory. Oversized assets can and WILL lead to streaming issues (such as models not loading/rendering).
[resources:cfx-gomsty] Asset cfx-gomstyling-subpack-8/gstvam2.yft uses 17.8 MiB of virtual memory.
[resources:cfx-gomsty] Asset cfx-gomstyling-subpack-8/gstvam2_hi.yft uses 17.8 MiB of virtual memory.
[resources:cfx-gomsty] Asset cfx-gomstyling-subpack-8/gstvam2_livery1.yft uses 32.0 MiB of physical memory.
[resources:cfx-gomsty] Asset cfx-gomstyling-subpack-8/gstvam2_livery2.yft uses 32.0 MiB of physical memory.
[resources:cfx-gomsty] Asset cfx-gomstyling-subpack-8/gstvam2_livery3.yft uses 32.0 MiB of physical memory.
[resources:cfx-gomsty] Asset cfx-gomstyling-subpack-8/gstvam2_livery4.yft uses 32.0 MiB of physical memory.
[resources:cfx-gomsty] Asset cfx-gomstyling-subpack-8/gstvam2_livery5.yft uses 32.0 MiB of physical memory.
[resources:cfx-gomsty] Asset cfx-gomstyling-subpack-8/gstveto1.ytd uses 35.0 MiB of physical memory.
[resources:cfx-gomsty] Asset cfx-gomstyling-subpack-8/gstvig1.ytd uses 30.0 MiB of physical memory.
[resources:cfx-gomsty] Asset cfx-gomstyling-subpack-8/gstvig2.ytd uses 27.0 MiB of physical memory.
[resources:cfx-gomsty] Asset cfx-gomstyling-subpack-8/gstvig3.ytd uses 27.0 MiB of physical memory.
[resources:cfx-gomsty] Asset cfx-gomstyling-subpack-8/gstvig4.ytd uses 27.0 MiB of physical memory.
[resources:cfx-gomsty] Asset cfx-gomstyling-subpack-8/gstvigzx8_livery1.yft uses 32.0 MiB of physical memory.
[resources:cfx-gomsty] Asset cfx-gomstyling-subpack-8/gstvir1.ytd uses 25.0 MiB of physical memory.
[resources:cfx-gomsty] Asset cfx-gomstyling-subpack-8/gsty152.yft uses 20.2 MiB of virtual memory.
[resources:cfx-gomsty] Asset cfx-gomstyling-subpack-8/gsty152_hi.yft uses 20.2 MiB of virtual memory.
[resources:cfx-gomsty] Asset cfx-gomstyling-subpack-8/gsty154d.ytd uses 17.5 MiB of physical memory.
[           resources] Started resource cfx-gomstyling-subpack-8 (48 warnings)
[resources:cfx-gomsty] Asset cfx-gomstyling-subpack-9/gstdel2.ytd uses 42.0 MiB of physical memory.
[resources:cfx-gomsty] Asset cfx-gomstyling-subpack-9/gstdomgt5.ytd uses 24.0 MiB of physical memory.
[resources:cfx-gomsty] Asset cfx-gomstyling-subpack-9/gstdomgtt2.ytd uses 19.8 MiB of physical memory.
[resources:cfx-gomsty] Asset cfx-gomstyling-subpack-9/gstegt2.ytd uses 24.0 MiB of physical memory.
[resources:cfx-gomsty] Asset cfx-gomstyling-subpack-9/gstfac2.ytd uses 41.0 MiB of physical memory.
[resources:cfx-gomsty] Asset cfx-gomstyling-subpack-9/gstgangaleutian1.ytd uses 35.0 MiB of physical memory.
[resources:cfx-gomsty] Asset cfx-gomstyling-subpack-9/gstmoc1_liv1.yft uses 32.0 MiB of physical memory.
[resources:cfx-gomsty] Asset cfx-gomstyling-subpack-9/gstmoc1_liv10.yft uses 32.0 MiB of physical memory.
[resources:cfx-gomsty] Asset cfx-gomstyling-subpack-9/gstmoc1_liv2.yft uses 32.0 MiB of physical memory.
[resources:cfx-gomsty] Asset cfx-gomstyling-subpack-9/gstmoc1_liv3.yft uses 32.0 MiB of physical memory.
[resources:cfx-gomsty] Asset cfx-gomstyling-subpack-9/gstmoc1_liv4.yft uses 32.0 MiB of physical memory.
[resources:cfx-gomsty] Asset cfx-gomstyling-subpack-9/gstmoc1_liv5.yft uses 32.0 MiB of physical memory.
[resources:cfx-gomsty] Asset cfx-gomstyling-subpack-9/gstmoc1_liv6.yft uses 32.0 MiB of physical memory.
[resources:cfx-gomsty] Asset cfx-gomstyling-subpack-9/gstmoc1_liv7.yft uses 32.0 MiB of physical memory.
[resources:cfx-gomsty] Asset cfx-gomstyling-subpack-9/gstmoc1_liv8.yft uses 32.0 MiB of physical memory.
[resources:cfx-gomsty] Asset cfx-gomstyling-subpack-9/gstmoc1_liv9.yft uses 32.0 MiB of physical memory.
[resources:cfx-gomsty] Asset cfx-gomstyling-subpack-9/gstwev2.ytd uses 64.0 MiB of physical memory. Oversized assets can and WILL lead to streaming issues (such as models not loading/rendering).
[resources:cfx-gomsty] Asset cfx-gomstyling-subpack-9/gstyxl1.ytd uses 34.0 MiB of physical memory.
[resources:cfx-gomsty] Asset cfx-gomstyling-subpack-9/gstyxl1b.ytd uses 37.0 MiB of physical memory.
[resources:cfx-gomsty] Asset cfx-gomstyling-subpack-9/gstyxl1brpg.ytd uses 39.0 MiB of physical memory.
[resources:cfx-gomsty] Asset cfx-gomstyling-subpack-9/gstzen1.ytd uses 18.0 MiB of physical memory.
[resources:cfx-gomsty] Asset cfx-gomstyling-subpack-9/gstzen2.ytd uses 22.0 MiB of physical memory.
[resources:cfx-gomsty] Asset cfx-gomstyling-subpack-9/gstzionc2.ytd uses 160.0 MiB of physical memory. Oversized assets can and WILL lead to streaming issues (such as models not loading/rendering).
[resources:cfx-gomsty] Asset cfx-gomstyling-subpack-9/gstzr3501.ytd uses 17.0 MiB of physical memory.
[resources:cfx-gomsty] Asset cfx-gomstyling-subpack-9/gstzr3502_liv1.yft uses 32.0 MiB of physical memory.
[resources:cfx-gomsty] Asset cfx-gomstyling-subpack-9/polgstbehf.ytd uses 52.0 MiB of physical memory. Oversized assets can and WILL lead to streaming issues (such as models not loading/rendering).
[resources:cfx-gomsty] Asset cfx-gomstyling-subpack-9/polgstcypt1.ytd uses 51.0 MiB of physical memory. Oversized assets can and WILL lead to streaming issues (such as models not loading/rendering).
[resources:cfx-gomsty] Asset cfx-gomstyling-subpack-9/polgstetrk1.ytd uses 55.0 MiB of physical memory. Oversized assets can and WILL lead to streaming issues (such as models not loading/rendering).
[resources:cfx-gomsty] Asset cfx-gomstyling-subpack-9/polgstgrs1.ytd uses 56.0 MiB of physical memory. Oversized assets can and WILL lead to streaming issues (such as models not loading/rendering).
[resources:cfx-gomsty] Asset cfx-gomstyling-subpack-9/polgstpmp1.ytd uses 56.0 MiB of physical memory. Oversized assets can and WILL lead to streaming issues (such as models not loading/rendering).
[resources:cfx-gomsty] Asset cfx-gomstyling-subpack-9/polgstsemxl1.ytd uses 57.0 MiB of physical memory. Oversized assets can and WILL lead to streaming issues (such as models not loading/rendering).
[resources:cfx-gomsty] Asset cfx-gomstyling-subpack-9/polgstter1.ytd uses 54.0 MiB of physical memory. Oversized assets can and WILL lead to streaming issues (such as models not loading/rendering).
[resources:cfx-gomsty] Asset cfx-gomstyling-subpack-9/polgstyxl1.ytd uses 52.0 MiB of physical memory. Oversized assets can and WILL lead to streaming issues (such as models not loading/rendering).
[           resources] Started resource cfx-gomstyling-subpack-9 (33 warnings)
[resources:crazy_hand] Warning: could not find file `data/**/**/vehiclelayouts_pigeon.meta` (defined in fxmanifest.lua:8)
[resources:crazy_hand] Warning: could not find file `data/**/**/vehiclelayouts_mrtasty.meta` (defined in fxmanifest.lua:8)
[resources:crazy_hand] Asset crazy_handling/rh7_liv_1.yft uses 32.0 MiB of physical memory.
[resources:crazy_hand] Asset crazy_handling/rh7_liv_10.yft uses 32.0 MiB of physical memory.
[resources:crazy_hand] Asset crazy_handling/rh7_liv_11.yft uses 32.0 MiB of physical memory.
[resources:crazy_hand] Asset crazy_handling/rh7_liv_13.yft uses 32.0 MiB of physical memory.
[resources:crazy_hand] Asset crazy_handling/rh7_liv_14.yft uses 32.0 MiB of physical memory.
[resources:crazy_hand] Asset crazy_handling/rh7_liv_17.yft uses 32.0 MiB of physical memory.
[resources:crazy_hand] Asset crazy_handling/rh7_liv_18.yft uses 32.0 MiB of physical memory.
[resources:crazy_hand] Asset crazy_handling/rh7_liv_19.yft uses 32.0 MiB of physical memory.
[resources:crazy_hand] Asset crazy_handling/rh7_liv_2.yft uses 32.0 MiB of physical memory.
[resources:crazy_hand] Asset crazy_handling/rh7_liv_20.yft uses 32.0 MiB of physical memory.
[resources:crazy_hand] Asset crazy_handling/rh7_liv_21.yft uses 32.0 MiB of physical memory.
[resources:crazy_hand] Asset crazy_handling/rh7_liv_23.yft uses 32.0 MiB of physical memory.
[resources:crazy_hand] Asset crazy_handling/rh7_liv_24.yft uses 32.0 MiB of physical memory.
[resources:crazy_hand] Asset crazy_handling/rh7_liv_25.yft uses 32.0 MiB of physical memory.
[resources:crazy_hand] Asset crazy_handling/rh7_liv_26.yft uses 32.0 MiB of physical memory.
[resources:crazy_hand] Asset crazy_handling/rh7_liv_27.yft uses 32.0 MiB of physical memory.
[resources:crazy_hand] Asset crazy_handling/rh7_liv_28.yft uses 32.0 MiB of physical memory.
[resources:crazy_hand] Asset crazy_handling/rh7_liv_29.yft uses 32.0 MiB of physical memory.
[resources:crazy_hand] Asset crazy_handling/rh7_liv_3.yft uses 32.0 MiB of physical memory.
[resources:crazy_hand] Asset crazy_handling/rh7_liv_30.yft uses 32.0 MiB of physical memory.
[resources:crazy_hand] Asset crazy_handling/rh7_liv_31.yft uses 32.0 MiB of physical memory.
[resources:crazy_hand] Asset crazy_handling/rh7_liv_32.yft uses 32.0 MiB of physical memory.
[resources:crazy_hand] Asset crazy_handling/rh7_liv_33.yft uses 32.0 MiB of physical memory.
[resources:crazy_hand] Asset crazy_handling/rh7_liv_34.yft uses 32.0 MiB of physical memory.
[resources:crazy_hand] Asset crazy_handling/rh7_liv_35.yft uses 32.0 MiB of physical memory.
[resources:crazy_hand] Asset crazy_handling/rh7_liv_36.yft uses 32.0 MiB of physical memory.
[resources:crazy_hand] Asset crazy_handling/rh7_liv_37.yft uses 32.0 MiB of physical memory.
[resources:crazy_hand] Asset crazy_handling/rh7_liv_38.yft uses 32.0 MiB of physical memory.
[resources:crazy_hand] Asset crazy_handling/rh7_liv_39.yft uses 32.0 MiB of physical memory.
[resources:crazy_hand] Asset crazy_handling/rh7_liv_4.yft uses 32.0 MiB of physical memory.
[resources:crazy_hand] Asset crazy_handling/rh7_liv_40.yft uses 32.0 MiB of physical memory.
[resources:crazy_hand] Asset crazy_handling/rh7_liv_41.yft uses 32.0 MiB of physical memory.
[resources:crazy_hand] Asset crazy_handling/rh7_liv_42.yft uses 32.0 MiB of physical memory.
[resources:crazy_hand] Asset crazy_handling/rh7_liv_43.yft uses 32.0 MiB of physical memory.
[resources:crazy_hand] Asset crazy_handling/rh7_liv_44.yft uses 32.0 MiB of physical memory.
[resources:crazy_hand] Asset crazy_handling/rh7_liv_45.yft uses 32.0 MiB of physical memory.
[resources:crazy_hand] Asset crazy_handling/rh7_liv_46.yft uses 32.0 MiB of physical memory.
[resources:crazy_hand] Asset crazy_handling/rh7_liv_47.yft uses 32.0 MiB of physical memory.
[resources:crazy_hand] Asset crazy_handling/rh7_liv_48.yft uses 32.0 MiB of physical memory.
[resources:crazy_hand] Asset crazy_handling/rh7_liv_49.yft uses 32.0 MiB of physical memory.
[resources:crazy_hand] Asset crazy_handling/rh7_liv_5.yft uses 32.0 MiB of physical memory.
[resources:crazy_hand] Asset crazy_handling/rh7_liv_50.yft uses 32.0 MiB of physical memory.
[resources:crazy_hand] Asset crazy_handling/rh7_liv_53.yft uses 32.0 MiB of physical memory.
[resources:crazy_hand] Asset crazy_handling/rh7_liv_54.yft uses 32.0 MiB of physical memory.
[resources:crazy_hand] Asset crazy_handling/rh7_liv_55.yft uses 32.0 MiB of physical memory.
[resources:crazy_hand] Asset crazy_handling/rh7_liv_56.yft uses 32.0 MiB of physical memory.
[resources:crazy_hand] Asset crazy_handling/rh7_liv_57.yft uses 32.0 MiB of physical memory.
[resources:crazy_hand] Asset crazy_handling/rh7_liv_6.yft uses 32.0 MiB of physical memory.
[resources:crazy_hand] Asset crazy_handling/rh7_liv_7.yft uses 32.0 MiB of physical memory.
[resources:crazy_hand] Asset crazy_handling/rh7_liv_8.yft uses 32.0 MiB of physical memory.
[resources:crazy_hand] Asset crazy_handling/rh7_liv_9.yft uses 32.0 MiB of physical memory.
[           resources] Started resource crazy_handling (53 warnings)
[           resources] Started resource gb_vehicles_a_to_m
[           resources] Started resource gb_vehicles_a_to_m2
[           resources] Started resource gb_vehicles_audio
[           resources] Started resource gb_vehicles_audio2
[           resources] Started resource gb_vehicles_n_to_z
[           resources] Started resource gb_vehicles_n_to_z2
[           resources] Started resource gb_vehicles_pd_ems
[ citizen-server-impl] You lack the required entitlement to use gb_vehicles_pd_ems2
[ citizen-server-impl] Couldn't start resource gb_vehicles_pd_ems2.
[    c-scripting-core] Creating script environments for onx-evp-a-shared
[           resources] Started resource onx-evp-a-shared
[    c-scripting-core] Creating script environments for onx-evp-b-lightbars
[           resources] Started resource onx-evp-b-lightbars
[    c-scripting-core] Creating script environments for onx-evp-b-livery-mods
[           resources] Started resource onx-evp-b-livery-mods
[    c-scripting-core] Creating script environments for onx-evp-b-wheels
[           resources] Started resource onx-evp-b-wheels
[    c-scripting-core] Creating script environments for onx-evp-c-ems-pack
[           resources] Started resource onx-evp-c-ems-pack
[    c-scripting-core] Creating script environments for onx-evp-c-pack
[           resources] Started resource onx-evp-c-pack
[    c-scripting-core] Creating script environments for onx-evp-c-pack2
[           resources] Started resource onx-evp-c-pack2
[           resources] Started resource Shift
[resources:basharam:s] Asset basharam/basharam^lowr_diff_006_a_uni.ytd uses 32.0 MiB of physical memory.
[resources:basharam:s] Asset basharam/basharam^lowr_diff_006_b_uni.ytd uses 32.0 MiB of physical memory.
[resources:basharam:s] Asset basharam/basharam^lowr_diff_006_c_uni.ytd uses 32.0 MiB of physical memory.
[           resources] Started resource basharam (3 warnings)
[    c-scripting-core] Creating script environments for cfx_onx_gov_clothing
[           resources] Started resource cfx_onx_gov_clothing
[           resources] Started resource pw_andreas
[resources:pw_diyo:st] Asset pw_diyo/pw_diyo^teef_013_u.ydd uses 28.0 MiB of virtual memory.
[           resources] Started resource pw_diyo (1 warning)
[           resources] Started resource pw_hao
[           resources] Started resource pw_jean
[           resources] Started resource pw_pballas
[           resources] Started resource pw_sean
[resources:six_dpd1:s] Asset six_dpd1/six_dpd1.ytd uses 17.0 MiB of physical memory.
[           resources] Started resource six_dpd1 (1 warning)
[resources:six_kenjir] Asset six_kenjiro/six_kenjiro^accs_008_u.ydd uses 32.0 MiB of physical memory.
[resources:six_kenjir] Asset six_kenjiro/six_kenjiro^accs_009_u.ydd uses 32.0 MiB of physical memory.
[resources:six_kenjir] Asset six_kenjiro/six_kenjiro^hand_001_u.ydd uses 24.0 MiB of physical memory.
[resources:six_kenjir] Asset six_kenjiro/six_kenjiro^teef_005_u.ydd uses 32.0 MiB of physical memory.
[resources:six_kenjir] Asset six_kenjiro/six_kenjiro^teef_006_u.ydd uses 32.0 MiB of physical memory.
[           resources] Started resource six_kenjiro (5 warnings)
[resources:sixterry:s] Asset sixterry/sixterry.ytd uses 29.0 MiB of physical memory.
[           resources] Started resource sixterry (1 warning)
[           resources] Started resource tung
[resources:zpack_1:st] Asset zpack_1/mp_f_freemode_01_mp_f_zpack_1^decl_diff_000_d_uni.ytd uses 32.0 MiB of physical memory.
[resources:zpack_1:st] Asset zpack_1/mp_f_freemode_01_mp_f_zpack_1^jbib_diff_124_d_uni.ytd uses 32.0 MiB of physical memory.
[resources:zpack_1:st] Asset zpack_1/mp_f_freemode_01_mp_f_zpack_1^lowr_027_u.ydd uses 24.0 MiB of virtual memory.
[resources:zpack_1:st] Asset zpack_1/mp_f_freemode_01_mp_f_zpack_1^lowr_diff_023_a_uni.ytd uses 32.0 MiB of physical memory.
[resources:zpack_1:st] Asset zpack_1/mp_m_freemode_01_mp_m_zpack_1^decl_023_u.ydd uses 32.0 MiB of physical memory.
[resources:zpack_1:st] Asset zpack_1/mp_m_freemode_01_mp_m_zpack_1^jbib_052_u.ydd uses 24.0 MiB of virtual memory.
[resources:zpack_1:st] Asset zpack_1/mp_m_freemode_01_mp_m_zpack_1^jbib_074_u.ydd uses 24.0 MiB of virtual memory.
[resources:zpack_1:st] Asset zpack_1/mp_m_freemode_01_mp_m_zpack_1^jbib_diff_022_a_uni.ytd uses 32.0 MiB of physical memory.
[resources:zpack_1:st] Asset zpack_1/mp_m_freemode_01_mp_m_zpack_1^jbib_diff_022_b_uni.ytd uses 32.0 MiB of physical memory.
[resources:zpack_1:st] Asset zpack_1/mp_m_freemode_01_mp_m_zpack_1^jbib_diff_036_a_uni.ytd uses 32.0 MiB of physical memory.
[resources:zpack_1:st] Asset zpack_1/mp_m_freemode_01_mp_m_zpack_1^jbib_diff_036_b_uni.ytd uses 32.0 MiB of physical memory.
[resources:zpack_1:st] Asset zpack_1/mp_m_freemode_01_mp_m_zpack_1^jbib_diff_036_c_uni.ytd uses 32.0 MiB of physical memory.
[resources:zpack_1:st] Asset zpack_1/mp_m_freemode_01_mp_m_zpack_1^jbib_diff_036_d_uni.ytd uses 32.0 MiB of physical memory.
[resources:zpack_1:st] Asset zpack_1/mp_m_freemode_01_mp_m_zpack_1^jbib_diff_111_a_uni.ytd uses 32.0 MiB of physical memory.
[resources:zpack_1:st] Asset zpack_1/mp_m_freemode_01_mp_m_zpack_1^lowr_diff_022_c_uni.ytd uses 32.0 MiB of physical memory.
[resources:zpack_1:st] Asset zpack_1/mp_m_freemode_01_mp_m_zpack_1^lowr_diff_094_d_uni.ytd uses 32.0 MiB of physical memory.
[           resources] Started resource zpack_1 (16 warnings)
[resources:zpack_2:st] Asset zpack_2/mp_f_freemode_01_mp_f_zpack_2^accs_diff_008_a_uni.ytd uses 32.0 MiB of physical memory.
[resources:zpack_2:st] Asset zpack_2/mp_f_freemode_01_mp_f_zpack_2^accs_diff_075_a_uni.ytd uses 32.0 MiB of physical memory.
[resources:zpack_2:st] Asset zpack_2/mp_f_freemode_01_mp_f_zpack_2^accs_diff_075_b_uni.ytd uses 32.0 MiB of physical memory.
[resources:zpack_2:st] Asset zpack_2/mp_f_freemode_01_mp_f_zpack_2^accs_diff_075_c_uni.ytd uses 32.0 MiB of physical memory.
[resources:zpack_2:st] Asset zpack_2/mp_f_freemode_01_mp_f_zpack_2^accs_diff_075_d_uni.ytd uses 32.0 MiB of physical memory.
[resources:zpack_2:st] Asset zpack_2/mp_f_freemode_01_mp_f_zpack_2^accs_diff_075_e_uni.ytd uses 32.0 MiB of physical memory.
[resources:zpack_2:st] Asset zpack_2/mp_f_freemode_01_mp_f_zpack_2^accs_diff_075_f_uni.ytd uses 32.0 MiB of physical memory.
[resources:zpack_2:st] Asset zpack_2/mp_f_freemode_01_mp_f_zpack_2^accs_diff_075_g_uni.ytd uses 32.0 MiB of physical memory.
[resources:zpack_2:st] Asset zpack_2/mp_f_freemode_01_mp_f_zpack_2^accs_diff_086_c_uni.ytd uses 32.0 MiB of physical memory.
[resources:zpack_2:st] Asset zpack_2/mp_f_freemode_01_mp_f_zpack_2^hand_043_u.ydd uses 32.0 MiB of virtual memory.
[resources:zpack_2:st] Asset zpack_2/mp_f_freemode_01_mp_f_zpack_2^hand_diff_002_d_uni.ytd uses 32.0 MiB of physical memory.
[resources:zpack_2:st] Asset zpack_2/mp_f_freemode_01_mp_f_zpack_2^task_009_u.ydd uses 32.0 MiB of virtual memory.
[resources:zpack_2:st] Asset zpack_2/mp_f_freemode_01_mp_f_zpack_2^task_013_u.ydd uses 24.0 MiB of virtual memory.
[resources:zpack_2:st] Asset zpack_2/mp_f_freemode_01_mp_f_zpack_2^task_022_u.ydd uses 32.0 MiB of virtual memory.
[resources:zpack_2:st] Asset zpack_2/mp_f_freemode_01_mp_f_zpack_2^teef_056_u.ydd uses 32.0 MiB of physical memory.
[resources:zpack_2:st] Asset zpack_2/mp_f_freemode_01_mp_f_zpack_2^teef_057_u.ydd uses 32.0 MiB of virtual memory.
[resources:zpack_2:st] Asset zpack_2/mp_f_freemode_01_mp_f_zpack_2^teef_065_u.ydd uses 24.0 MiB of virtual memory.
[resources:zpack_2:st] Asset zpack_2/mp_f_freemode_01_mp_f_zpack_2^teef_092_u.ydd uses 32.0 MiB of physical memory.
[resources:zpack_2:st] Asset zpack_2/mp_f_freemode_01_mp_f_zpack_2^teef_diff_001_d_uni.ytd uses 32.0 MiB of physical memory.
[resources:zpack_2:st] Asset zpack_2/mp_m_freemode_01_mp_m_zpack_2^accs_diff_004_a_uni.ytd uses 32.0 MiB of physical memory.
[resources:zpack_2:st] Asset zpack_2/mp_m_freemode_01_mp_m_zpack_2^accs_diff_004_b_uni.ytd uses 32.0 MiB of physical memory.
[resources:zpack_2:st] Asset zpack_2/mp_m_freemode_01_mp_m_zpack_2^accs_diff_004_c_uni.ytd uses 32.0 MiB of physical memory.
[resources:zpack_2:st] Asset zpack_2/mp_m_freemode_01_mp_m_zpack_2^accs_diff_006_a_uni.ytd uses 32.0 MiB of physical memory.
[resources:zpack_2:st] Asset zpack_2/mp_m_freemode_01_mp_m_zpack_2^accs_diff_006_b_uni.ytd uses 32.0 MiB of physical memory.
[resources:zpack_2:st] Asset zpack_2/mp_m_freemode_01_mp_m_zpack_2^accs_diff_006_c_uni.ytd uses 32.0 MiB of physical memory.
[resources:zpack_2:st] Asset zpack_2/mp_m_freemode_01_mp_m_zpack_2^accs_diff_007_a_uni.ytd uses 32.0 MiB of physical memory.
[resources:zpack_2:st] Asset zpack_2/mp_m_freemode_01_mp_m_zpack_2^accs_diff_007_b_uni.ytd uses 32.0 MiB of physical memory.
[resources:zpack_2:st] Asset zpack_2/mp_m_freemode_01_mp_m_zpack_2^accs_diff_007_c_uni.ytd uses 32.0 MiB of physical memory.
[resources:zpack_2:st] Asset zpack_2/mp_m_freemode_01_mp_m_zpack_2^accs_diff_009_a_uni.ytd uses 32.0 MiB of physical memory.
[resources:zpack_2:st] Asset zpack_2/mp_m_freemode_01_mp_m_zpack_2^accs_diff_009_b_uni.ytd uses 32.0 MiB of physical memory.
[resources:zpack_2:st] Asset zpack_2/mp_m_freemode_01_mp_m_zpack_2^accs_diff_010_a_uni.ytd uses 32.0 MiB of physical memory.
[resources:zpack_2:st] Asset zpack_2/mp_m_freemode_01_mp_m_zpack_2^accs_diff_011_a_uni.ytd uses 32.0 MiB of physical memory.
[resources:zpack_2:st] Asset zpack_2/mp_m_freemode_01_mp_m_zpack_2^accs_diff_011_b_uni.ytd uses 32.0 MiB of physical memory.
[resources:zpack_2:st] Asset zpack_2/mp_m_freemode_01_mp_m_zpack_2^accs_diff_011_c_uni.ytd uses 32.0 MiB of physical memory.
[resources:zpack_2:st] Asset zpack_2/mp_m_freemode_01_mp_m_zpack_2^accs_diff_011_d_uni.ytd uses 32.0 MiB of physical memory.
[resources:zpack_2:st] Asset zpack_2/mp_m_freemode_01_mp_m_zpack_2^accs_diff_011_e_uni.ytd uses 32.0 MiB of physical memory.
[resources:zpack_2:st] Asset zpack_2/mp_m_freemode_01_mp_m_zpack_2^accs_diff_011_f_uni.ytd uses 32.0 MiB of physical memory.
[resources:zpack_2:st] Asset zpack_2/mp_m_freemode_01_mp_m_zpack_2^accs_diff_011_g_uni.ytd uses 32.0 MiB of physical memory.
[resources:zpack_2:st] Asset zpack_2/mp_m_freemode_01_mp_m_zpack_2^hand_046_u.ydd uses 32.0 MiB of virtual memory.
[resources:zpack_2:st] Asset zpack_2/mp_m_freemode_01_mp_m_zpack_2^jbib_diff_002_a_uni.ytd uses 32.0 MiB of physical memory.
[resources:zpack_2:st] Asset zpack_2/mp_m_freemode_01_mp_m_zpack_2^jbib_diff_002_b_uni.ytd uses 32.0 MiB of physical memory.
[resources:zpack_2:st] Asset zpack_2/mp_m_freemode_01_mp_m_zpack_2^jbib_diff_002_c_uni.ytd uses 32.0 MiB of physical memory.
[resources:zpack_2:st] Asset zpack_2/mp_m_freemode_01_mp_m_zpack_2^jbib_diff_002_h_uni.ytd uses 64.0 MiB of physical memory. Oversized assets can and WILL lead to streaming issues (such as models not loading/rendering).
[resources:zpack_2:st] Asset zpack_2/mp_m_freemode_01_mp_m_zpack_2^jbib_diff_002_i_uni.ytd uses 64.0 MiB of physical memory. Oversized assets can and WILL lead to streaming issues (such as models not loading/rendering).
[resources:zpack_2:st] Asset zpack_2/mp_m_freemode_01_mp_m_zpack_2^jbib_diff_002_k_uni.ytd uses 64.0 MiB of physical memory. Oversized assets can and WILL lead to streaming issues (such as models not loading/rendering).
[resources:zpack_2:st] Asset zpack_2/mp_m_freemode_01_mp_m_zpack_2^lowr_026_u.ydd uses 32.0 MiB of physical memory.
[resources:zpack_2:st] Asset zpack_2/mp_m_freemode_01_mp_m_zpack_2^lowr_diff_053_a_whi.ytd uses 32.0 MiB of physical memory.
[resources:zpack_2:st] Asset zpack_2/mp_m_freemode_01_mp_m_zpack_2^lowr_diff_053_b_whi.ytd uses 32.0 MiB of physical memory.
[resources:zpack_2:st] Asset zpack_2/mp_m_freemode_01_mp_m_zpack_2^lowr_diff_056_a_uni.ytd uses 32.0 MiB of physical memory.
[resources:zpack_2:st] Asset zpack_2/mp_m_freemode_01_mp_m_zpack_2^lowr_diff_060_a_uni.ytd uses 32.0 MiB of physical memory.
[resources:zpack_2:st] Asset zpack_2/mp_m_freemode_01_mp_m_zpack_2^lowr_diff_060_b_uni.ytd uses 32.0 MiB of physical memory.
[resources:zpack_2:st] Asset zpack_2/mp_m_freemode_01_mp_m_zpack_2^lowr_diff_060_c_uni.ytd uses 32.0 MiB of physical memory.
[resources:zpack_2:st] Asset zpack_2/mp_m_freemode_01_mp_m_zpack_2^lowr_diff_061_a_uni.ytd uses 32.0 MiB of physical memory.
[resources:zpack_2:st] Asset zpack_2/mp_m_freemode_01_mp_m_zpack_2^lowr_diff_061_b_uni.ytd uses 32.0 MiB of physical memory.
[resources:zpack_2:st] Asset zpack_2/mp_m_freemode_01_mp_m_zpack_2^lowr_diff_061_c_uni.ytd uses 32.0 MiB of physical memory.
[resources:zpack_2:st] Asset zpack_2/mp_m_freemode_01_mp_m_zpack_2^lowr_diff_066_a_uni.ytd uses 32.0 MiB of physical memory.
[resources:zpack_2:st] Asset zpack_2/mp_m_freemode_01_mp_m_zpack_2^lowr_diff_066_b_uni.ytd uses 32.0 MiB of physical memory.
[resources:zpack_2:st] Asset zpack_2/mp_m_freemode_01_mp_m_zpack_2^lowr_diff_067_b_uni.ytd uses 32.0 MiB of physical memory.
[resources:zpack_2:st] Asset zpack_2/mp_m_freemode_01_mp_m_zpack_2^lowr_diff_067_c_uni.ytd uses 32.0 MiB of physical memory.
[resources:zpack_2:st] Asset zpack_2/mp_m_freemode_01_mp_m_zpack_2^lowr_diff_067_d_uni.ytd uses 32.0 MiB of physical memory.
[resources:zpack_2:st] Asset zpack_2/mp_m_freemode_01_mp_m_zpack_2^lowr_diff_067_e_uni.ytd uses 32.0 MiB of physical memory.
[resources:zpack_2:st] Asset zpack_2/mp_m_freemode_01_mp_m_zpack_2^lowr_diff_067_f_uni.ytd uses 32.0 MiB of physical memory.
[resources:zpack_2:st] Asset zpack_2/mp_m_freemode_01_mp_m_zpack_2^lowr_diff_068_a_uni.ytd uses 32.0 MiB of physical memory.
[resources:zpack_2:st] Asset zpack_2/mp_m_freemode_01_mp_m_zpack_2^lowr_diff_068_b_uni.ytd uses 32.0 MiB of physical memory.
[resources:zpack_2:st] Asset zpack_2/mp_m_freemode_01_mp_m_zpack_2^lowr_diff_068_c_uni.ytd uses 32.0 MiB of physical memory.
[resources:zpack_2:st] Asset zpack_2/mp_m_freemode_01_mp_m_zpack_2^lowr_diff_068_d_uni.ytd uses 32.0 MiB of physical memory.
[resources:zpack_2:st] Asset zpack_2/mp_m_freemode_01_mp_m_zpack_2^lowr_diff_068_e_uni.ytd uses 32.0 MiB of physical memory.
[resources:zpack_2:st] Asset zpack_2/mp_m_freemode_01_mp_m_zpack_2^lowr_diff_070_c_whi.ytd uses 32.0 MiB of physical memory.
[resources:zpack_2:st] Asset zpack_2/mp_m_freemode_01_mp_m_zpack_2^lowr_diff_070_d_whi.ytd uses 32.0 MiB of physical memory.
[resources:zpack_2:st] Asset zpack_2/mp_m_freemode_01_mp_m_zpack_2^lowr_diff_070_e_whi.ytd uses 32.0 MiB of physical memory.
[resources:zpack_2:st] Asset zpack_2/mp_m_freemode_01_mp_m_zpack_2^lowr_diff_071_a_whi.ytd uses 32.0 MiB of physical memory.
[resources:zpack_2:st] Asset zpack_2/mp_m_freemode_01_mp_m_zpack_2^lowr_diff_071_b_whi.ytd uses 32.0 MiB of physical memory.
[resources:zpack_2:st] Asset zpack_2/mp_m_freemode_01_mp_m_zpack_2^lowr_diff_071_c_whi.ytd uses 32.0 MiB of physical memory.
[resources:zpack_2:st] Asset zpack_2/mp_m_freemode_01_mp_m_zpack_2^lowr_diff_071_d_whi.ytd uses 32.0 MiB of physical memory.
[resources:zpack_2:st] Asset zpack_2/mp_m_freemode_01_mp_m_zpack_2^lowr_diff_071_e_whi.ytd uses 32.0 MiB of physical memory.
[resources:zpack_2:st] Asset zpack_2/mp_m_freemode_01_mp_m_zpack_2^lowr_diff_072_a_whi.ytd uses 32.0 MiB of physical memory.
[resources:zpack_2:st] Asset zpack_2/mp_m_freemode_01_mp_m_zpack_2^lowr_diff_072_b_whi.ytd uses 32.0 MiB of physical memory.
[resources:zpack_2:st] Asset zpack_2/mp_m_freemode_01_mp_m_zpack_2^lowr_diff_072_c_whi.ytd uses 32.0 MiB of physical memory.
[resources:zpack_2:st] Asset zpack_2/mp_m_freemode_01_mp_m_zpack_2^lowr_diff_072_d_whi.ytd uses 32.0 MiB of physical memory.
[resources:zpack_2:st] Asset zpack_2/mp_m_freemode_01_mp_m_zpack_2^lowr_diff_072_e_whi.ytd uses 32.0 MiB of physical memory.
[resources:zpack_2:st] Asset zpack_2/mp_m_freemode_01_mp_m_zpack_2^lowr_diff_073_a_uni.ytd uses 32.0 MiB of physical memory.
[resources:zpack_2:st] Asset zpack_2/mp_m_freemode_01_mp_m_zpack_2^lowr_diff_073_b_uni.ytd uses 32.0 MiB of physical memory.
[resources:zpack_2:st] Asset zpack_2/mp_m_freemode_01_mp_m_zpack_2^lowr_diff_073_c_uni.ytd uses 32.0 MiB of physical memory.
[resources:zpack_2:st] Asset zpack_2/mp_m_freemode_01_mp_m_zpack_2^lowr_diff_074_a_whi.ytd uses 32.0 MiB of physical memory.
[resources:zpack_2:st] Asset zpack_2/mp_m_freemode_01_mp_m_zpack_2^lowr_diff_074_b_whi.ytd uses 32.0 MiB of physical memory.
[resources:zpack_2:st] Asset zpack_2/mp_m_freemode_01_mp_m_zpack_2^lowr_diff_074_c_whi.ytd uses 32.0 MiB of physical memory.
[resources:zpack_2:st] Asset zpack_2/mp_m_freemode_01_mp_m_zpack_2^lowr_diff_074_d_whi.ytd uses 32.0 MiB of physical memory.
[resources:zpack_2:st] Asset zpack_2/mp_m_freemode_01_mp_m_zpack_2^lowr_diff_074_e_whi.ytd uses 32.0 MiB of physical memory.
[resources:zpack_2:st] Asset zpack_2/mp_m_freemode_01_mp_m_zpack_2^lowr_diff_074_f_whi.ytd uses 32.0 MiB of physical memory.
[resources:zpack_2:st] Asset zpack_2/mp_m_freemode_01_mp_m_zpack_2^lowr_diff_074_g_whi.ytd uses 32.0 MiB of physical memory.
[resources:zpack_2:st] Asset zpack_2/mp_m_freemode_01_mp_m_zpack_2^lowr_diff_075_a_whi.ytd uses 32.0 MiB of physical memory.
[resources:zpack_2:st] Asset zpack_2/mp_m_freemode_01_mp_m_zpack_2^lowr_diff_101_a_uni.ytd uses 32.0 MiB of physical memory.
[resources:zpack_2:st] Asset zpack_2/mp_m_freemode_01_mp_m_zpack_2^lowr_diff_101_b_uni.ytd uses 32.0 MiB of physical memory.
[resources:zpack_2:st] Asset zpack_2/mp_m_freemode_01_mp_m_zpack_2^lowr_diff_101_c_uni.ytd uses 32.0 MiB of physical memory.
[resources:zpack_2:st] Asset zpack_2/mp_m_freemode_01_mp_m_zpack_2^teef_021_u.ydd uses 24.0 MiB of virtual memory.
[           resources] Started resource zpack_2 (95 warnings)
[resources:zpack_3:st] Asset zpack_3/mp_f_freemode_01_mp_f_zpack_3^accs_diff_020_a_uni.ytd uses 32.0 MiB of physical memory.
[resources:zpack_3:st] Asset zpack_3/mp_f_freemode_01_mp_f_zpack_3^hair_diff_011_a_uni.ytd uses 32.0 MiB of physical memory.
[resources:zpack_3:st] Asset zpack_3/mp_f_freemode_01_mp_f_zpack_3^jbib_071_u.ydd uses 32.0 MiB of physical memory.
[resources:zpack_3:st] Asset zpack_3/mp_m_freemode_01_mp_m_zpack_3^hair_099_u.ydd uses 32.0 MiB of virtual memory.
[resources:zpack_3:st] Asset zpack_3/mp_m_freemode_01_mp_m_zpack_3^hair_107_u.ydd uses 24.0 MiB of virtual memory.
[resources:zpack_3:st] Asset zpack_3/mp_m_freemode_01_mp_m_zpack_3^hair_diff_105_a_uni.ytd uses 32.0 MiB of physical memory.
[resources:zpack_3:st] Asset zpack_3/mp_m_freemode_01_mp_m_zpack_3^jbib_003_u.ydd uses 32.0 MiB of virtual memory.
[resources:zpack_3:st] Asset zpack_3/mp_m_freemode_01_mp_m_zpack_3^jbib_005_u.ydd uses 24.0 MiB of virtual memory.
[resources:zpack_3:st] Asset zpack_3/mp_m_freemode_01_mp_m_zpack_3^jbib_106_u.ydd uses 16.1 MiB of physical memory.
[resources:zpack_3:st] Asset zpack_3/mp_m_freemode_01_mp_m_zpack_3^jbib_diff_079_a_uni.ytd uses 32.0 MiB of physical memory.
[resources:zpack_3:st] Asset zpack_3/mp_m_freemode_01_mp_m_zpack_3^jbib_diff_079_b_uni.ytd uses 32.0 MiB of physical memory.
[resources:zpack_3:st] Asset zpack_3/mp_m_freemode_01_mp_m_zpack_3^jbib_diff_079_c_uni.ytd uses 32.0 MiB of physical memory.
[resources:zpack_3:st] Asset zpack_3/mp_m_freemode_01_mp_m_zpack_3^jbib_diff_114_a_uni.ytd uses 32.0 MiB of physical memory.
[resources:zpack_3:st] Asset zpack_3/mp_m_freemode_01_mp_m_zpack_3^jbib_diff_114_b_uni.ytd uses 32.0 MiB of physical memory.
[resources:zpack_3:st] Asset zpack_3/mp_m_freemode_01_mp_m_zpack_3^jbib_diff_114_c_uni.ytd uses 32.0 MiB of physical memory.
[resources:zpack_3:st] Asset zpack_3/mp_m_freemode_01_mp_m_zpack_3^jbib_diff_114_d_uni.ytd uses 32.0 MiB of physical memory.
[resources:zpack_3:st] Asset zpack_3/mp_m_freemode_01_mp_m_zpack_3^jbib_diff_114_e_uni.ytd uses 32.0 MiB of physical memory.
[resources:zpack_3:st] Asset zpack_3/mp_m_freemode_01_mp_m_zpack_3^jbib_diff_114_f_uni.ytd uses 32.0 MiB of physical memory.
[resources:zpack_3:st] Asset zpack_3/mp_m_freemode_01_mp_m_zpack_3^jbib_diff_114_g_uni.ytd uses 32.0 MiB of physical memory.
[resources:zpack_3:st] Asset zpack_3/mp_m_freemode_01_mp_m_zpack_3^jbib_diff_114_h_uni.ytd uses 32.0 MiB of physical memory.
[           resources] Started resource zpack_3 (20 warnings)
[resources:zpack_4:st] Asset zpack_4/mp_m_freemode_01_mp_m_zpack_4^berd_diff_006_a_uni.ytd uses 32.0 MiB of physical memory.
[resources:zpack_4:st] Asset zpack_4/mp_m_freemode_01_mp_m_zpack_4^berd_diff_007_a_uni.ytd uses 32.0 MiB of physical memory.
[resources:zpack_4:st] Asset zpack_4/mp_m_freemode_01_mp_m_zpack_4^berd_diff_007_b_uni.ytd uses 32.0 MiB of physical memory.
[resources:zpack_4:st] Asset zpack_4/mp_m_freemode_01_mp_m_zpack_4^berd_diff_016_a_uni.ytd uses 32.0 MiB of physical memory.
[resources:zpack_4:st] Asset zpack_4/mp_m_freemode_01_mp_m_zpack_4^feet_045_u.ydd uses 32.0 MiB of virtual memory.
[resources:zpack_4:st] Asset zpack_4/mp_m_freemode_01_mp_m_zpack_4^hair_023_u.ydd uses 32.0 MiB of virtual memory.
[resources:zpack_4:st] Asset zpack_4/mp_m_freemode_01_mp_m_zpack_4^hair_diff_012_a_uni.ytd uses 32.0 MiB of physical memory.
[resources:zpack_4:st] Asset zpack_4/mp_m_freemode_01_mp_m_zpack_4^hair_diff_014_a_uni.ytd uses 32.0 MiB of physical memory.
[resources:zpack_4:st] Asset zpack_4/mp_m_freemode_01_mp_m_zpack_4^hair_diff_021_a_uni.ytd uses 32.0 MiB of physical memory.
[resources:zpack_4:st] Asset zpack_4/mp_m_freemode_01_mp_m_zpack_4^hair_diff_027_a_uni.ytd uses 32.0 MiB of physical memory.
[resources:zpack_4:st] Asset zpack_4/mp_m_freemode_01_mp_m_zpack_4^hair_diff_028_a_uni.ytd uses 32.0 MiB of physical memory.
[resources:zpack_4:st] Asset zpack_4/mp_m_freemode_01_mp_m_zpack_4^hair_diff_033_a_uni.ytd uses 32.0 MiB of physical memory.
[resources:zpack_4:st] Asset zpack_4/mp_m_freemode_01_mp_m_zpack_4^jbib_diff_054_a_uni.ytd uses 32.0 MiB of physical memory.
[resources:zpack_4:st] Asset zpack_4/mp_m_freemode_01_mp_m_zpack_4^jbib_diff_054_b_uni.ytd uses 32.0 MiB of physical memory.
[resources:zpack_4:st] Asset zpack_4/mp_m_freemode_01_mp_m_zpack_4^jbib_diff_054_c_uni.ytd uses 32.0 MiB of physical memory.
[resources:zpack_4:st] Asset zpack_4/mp_m_freemode_01_mp_m_zpack_4^jbib_diff_055_a_uni.ytd uses 32.0 MiB of physical memory.
[resources:zpack_4:st] Asset zpack_4/mp_m_freemode_01_mp_m_zpack_4^jbib_diff_055_b_uni.ytd uses 32.0 MiB of physical memory.
[resources:zpack_4:st] Asset zpack_4/mp_m_freemode_01_mp_m_zpack_4^jbib_diff_055_c_uni.ytd uses 32.0 MiB of physical memory.
[resources:zpack_4:st] Asset zpack_4/mp_m_freemode_01_mp_m_zpack_4^jbib_diff_055_d_uni.ytd uses 32.0 MiB of physical memory.
[resources:zpack_4:st] Asset zpack_4/mp_m_freemode_01_mp_m_zpack_4^jbib_diff_055_e_uni.ytd uses 32.0 MiB of physical memory.
[resources:zpack_4:st] Asset zpack_4/mp_m_freemode_01_mp_m_zpack_4^jbib_diff_055_f_uni.ytd uses 32.0 MiB of physical memory.
[resources:zpack_4:st] Asset zpack_4/mp_m_freemode_01_mp_m_zpack_4^jbib_diff_055_g_uni.ytd uses 32.0 MiB of physical memory.
[resources:zpack_4:st] Asset zpack_4/mp_m_freemode_01_mp_m_zpack_4^jbib_diff_055_h_uni.ytd uses 32.0 MiB of physical memory.
[           resources] Started resource zpack_4 (23 warnings)
[resources:zpack_5:st] Asset zpack_5/mp_f_freemode_01_mp_f_zpack_5^accs_046_u.ydd uses 32.0 MiB of physical memory.
[resources:zpack_5:st] Asset zpack_5/mp_f_freemode_01_mp_f_zpack_5^accs_046_u.ydd uses 24.0 MiB of virtual memory.
[resources:zpack_5:st] Asset zpack_5/mp_f_freemode_01_mp_f_zpack_5^accs_diff_090_a_uni.ytd uses 32.0 MiB of physical memory.
[resources:zpack_5:st] Asset zpack_5/mp_f_freemode_01_mp_f_zpack_5^feet_diff_004_a_uni.ytd uses 32.0 MiB of physical memory.
[resources:zpack_5:st] Asset zpack_5/mp_f_freemode_01_mp_f_zpack_5^feet_diff_004_b_uni.ytd uses 32.0 MiB of physical memory.
[resources:zpack_5:st] Asset zpack_5/mp_f_freemode_01_mp_f_zpack_5^feet_diff_004_c_uni.ytd uses 32.0 MiB of physical memory.
[resources:zpack_5:st] Asset zpack_5/mp_f_freemode_01_mp_f_zpack_5^feet_diff_004_d_uni.ytd uses 32.0 MiB of physical memory.
[resources:zpack_5:st] Asset zpack_5/mp_f_freemode_01_mp_f_zpack_5^feet_diff_004_e_uni.ytd uses 32.0 MiB of physical memory.
[resources:zpack_5:st] Asset zpack_5/mp_f_freemode_01_mp_f_zpack_5^feet_diff_004_f_uni.ytd uses 32.0 MiB of physical memory.
[resources:zpack_5:st] Asset zpack_5/mp_f_freemode_01_mp_f_zpack_5^feet_diff_004_g_uni.ytd uses 32.0 MiB of physical memory.
[resources:zpack_5:st] Asset zpack_5/mp_f_freemode_01_mp_f_zpack_5^feet_diff_004_h_uni.ytd uses 32.0 MiB of physical memory.
[resources:zpack_5:st] Asset zpack_5/mp_m_freemode_01_p_mp_m_zpack_5^p_ears_038.ydd uses 32.0 MiB of virtual memory.
[resources:zpack_5:st] Asset zpack_5/mp_m_freemode_01_p_mp_m_zpack_5^p_lwrist_010.ydd uses 32.0 MiB of virtual memory.
[resources:zpack_5:st] Asset zpack_5/mp_m_freemode_01_p_mp_m_zpack_5^p_lwrist_015.ydd uses 32.0 MiB of virtual memory.
[resources:zpack_5:st] Asset zpack_5/mp_m_freemode_01_p_mp_m_zpack_5^p_lwrist_020.ydd uses 32.0 MiB of virtual memory.
[resources:zpack_5:st] Asset zpack_5/mp_m_freemode_01_p_mp_m_zpack_5^p_lwrist_024.ydd uses 32.0 MiB of virtual memory.
[           resources] Started resource zpack_5 (16 warnings)
[resources:zpack_repl] Asset zpack_repl/mp_f_freemode_01_mp_f_valentines_02^jbib_000_u.ydd uses 32.0 MiB of physical memory.
[resources:zpack_repl] Asset zpack_repl/mp_f_freemode_01_mp_f_valentines_02^jbib_002_u.ydd uses 32.0 MiB of physical memory.
[resources:zpack_repl] Asset zpack_repl/mp_f_freemode_01_mp_f_valentines_02^jbib_004_u.ydd uses 32.0 MiB of physical memory.
[resources:zpack_repl] Asset zpack_repl/mp_f_freemode_01_mp_f_valentines_02^jbib_005_u.ydd uses 32.0 MiB of physical memory.
[           resources] Started resource zpack_repl (4 warnings)
[     script:lb-phone] [INFO] You are running the latest version.
[       script:ps_lib] [INFO]  ps_lib has a newer version installed (1.0.0) than remote (0.5.0).
[script:tstudio_zmapd] [ TStudio Patch Loader] ⚠️ Detected manually started patch: tstudio_zpatch_ls_mrpd — stopping for re-evaluation...
[           resources] Stopping resource tstudio_zpatch_ls_mrpd
[script:tstudio_zmapd] [ TStudio Patch Loader] ⚠️ Stopped 1 manually started patch(es). The system will now re-evaluate and start only the correct ones.
[script:tstudio_zmapd] [ TStudio Patch Loader] ⚠️ Please remove these patch resources from your server.cfg — they are managed automatically by tstudio_zmapdata.
[   script:jim_bridge] FrameWorkCache: ox_inventory InventoryWeight: 85000 (85.0kg) (35.525s)
[   script:jim_bridge] FrameWorkCache: ox_inventory InventorySlots: 50 (35.525s)
[   script:jim_bridge] FrameworkCache: ox_inventory Loaded 727 Items (35.518s)
[   script:jim_bridge] FrameworkCache: qbx_core Loaded 901 Vehicles (35.524s)
[   script:jim_bridge] FrameworkCache: qbx_core Loaded 44 Jobs (35.525s)
[   script:jim_bridge] FrameworkCache: qbx_core Loaded 7 Gangs (35.525s)
[   script:jim_bridge] FrameworkCache: Cache Ready (35.549s)
[      script:oxmysql] [12.3.2-MariaDB] Database server connection established!
[       script:ox_lib] An update is available for qbx_core (current version: 1.23.0)
[       script:ox_lib] https://github.com/Qbox-project/qbx_core/releases/tag/v1.24.0
[script:onx-evp-a-sha] ===================================================
[script:onx-evp-a-sha] ONX.GG
[script:onx-evp-a-sha] onx-evp-a-shared is outdated. Please update to 3.0.1.
[script:onx-evp-a-sha] Patch Notes: Impulse layout & Water cannon fix
[script:onx-evp-a-sha] ===================================================
[script:onx-evp-c-pac] ===================================================
[script:onx-evp-c-pac] ONX.GG
[script:onx-evp-c-pac] onx-evp-c-pack2 is outdated. Please update to 3.0.0.
[script:onx-evp-c-pac] Patch Notes: Firetruck Fleet & INAPD Liveries
[script:onx-evp-c-pac] ===================================================
[script:onx-evp-c-pac] ===================================================
[script:onx-evp-c-pac] ONX.GG
[script:onx-evp-c-pac] onx-evp-c-pack is outdated. Please update to 3.0.2.
[script:onx-evp-c-pac] Patch Notes: Removed unused handling meta data
[script:onx-evp-c-pac] ===================================================
[script:crazy-postals] -------------------------------------------------------
[script:crazy-postals] nearest-postal
[script:crazy-postals] UPDATE: 1.5.4 AVAILABLE
[script:crazy-postals] CHANGELOG: Added developer event 'nearest-postal:removedPostalBlip' that triggers when a player canceles their current postal route.
[script:crazy-postals] -------------------------------------------------------
[script:crazy-postals] 
[script:onx-evp-b-liv] ===================================================
[script:onx-evp-b-liv] ONX.GG
[script:onx-evp-b-liv] onx-evp-b-livery-mods is outdated. Please update to 3.0.0.
[script:onx-evp-b-liv] Patch Notes: Firetruck Fleet & INAPD Liveries
[script:onx-evp-b-liv] ===================================================
[script:cfx_onx_gov_c] ===================================================
[script:cfx_onx_gov_c] ONX.GG
[script:cfx_onx_gov_c] cfx_onx_gov_clothing is outdated. Please update to 3.0.0.
[script:cfx_onx_gov_c] Patch Notes: International Airport Police Department Uniforms
[script:cfx_onx_gov_c] ===================================================
[script:onx-evp-b-whe] ===================================================
[script:onx-evp-b-whe] ONX.GG
[script:onx-evp-b-whe] onx-evp-b-wheels is outdated. Please update to 3.0.0.
[script:onx-evp-b-whe] Patch Notes: Firetruck Fleet & INAPD Liveries
[script:onx-evp-b-whe] ===================================================
[    script:xt-prison] [xt-prison] [INFO] Initializing Table: xt_prison
[    script:xt-prison] [xt-prison] [INFO] Initializing Table: xt_prison_items
[     script:qbx_core] [qbx_core] [INFO] Removed invalid groups from player_groups table
[script:onx-evp-b-lig] ===================================================
[script:onx-evp-b-lig] ONX.GG
[script:onx-evp-b-lig] onx-evp-b-lightbars is outdated. Please update to 3.0.0.
[script:onx-evp-b-lig] Patch Notes: Firetruck Fleet & INAPD Liveries
[script:onx-evp-b-lig] ===================================================
[script:onx-evp-c-ems] ===================================================
[script:onx-evp-c-ems] ONX.GG
[script:onx-evp-c-ems] onx-evp-c-ems-pack is outdated. Please update to 3.0.0.
[script:onx-evp-c-ems] Patch Notes: Firetruck Fleet & INAPD Liveries
[script:onx-evp-c-ems] ===================================================
[script:tstudio_zmapd] [ TStudio Patch Loader] 🔎 Checking which patches to apply...
[script:tstudio_zmapd] [ TStudio Patch Loader] ✅ Starting map fix for Fix for Legion Square & MRPD → tstudio_zpatch_ls_mrpd
[           resources] Started resource tstudio_zpatch_ls_mrpd
[script:tstudio_zmapd] [ TStudio Patch Loader] ✅ Loaded all supported map compatibility patches.
[script:tstudio_zmapd] [ TStudio Patch Loader] 💡 If you experience compatibility issues, please report them at: https://discord.gg/tstudio
[     script:qbx_core] 
[     script:qbx_core] Welcome to Qbox!
[     script:qbx_core] To learn more, please check out the documentation at https://docs.qbox.re/.
[     script:qbx_core] To turn this message off, set the qbx:acknowledge convar to true in your server.cfg file.
[     script:qbx_core] 
[ script:ox_inventory] [ox_inventory] [INFO] Inventory has loaded 620 items
[script:scully_emotem] [scully_emotemenu] You are currently running the latest version.
[   script:jim_bridge] 'jim_bridge' - You are running the latest version. (2.1.09)
║         crazy-fivem║ ensure crazy-tutorial
[           resources] Stopping resource crazy-tutorial
[    c-scripting-core] Creating script environments for crazy-tutorial
[           resources] Started resource crazy-tutorial
[     script:qbx_core] [qbx_core] [INFO] Boogi3 (Citizen ID: F3R57UFN ID: 1) has successfully loaded!
║         crazy-fivem║ logout 1
║         crazy-fivem║ addpermission 1 admin
[    c-scripting-core] InvokeNative: execution failed: Argument at index 0 was null.
[     script:qbx_core] command 'addpermission' failed to execute!
[     script:qbx_core] Native invocation failed.[ox_inventory] [INFO] Saving 1 inventories to the database
[ script:ox_inventory] [ox_inventory] [INFO] Saved 1/1 players (2.0497 ms)
[     script:qbx_core] [qbx_core] [INFO] Reek (Citizen ID: J407R62C ID: 3) has successfully loaded!
[     script:qbx_core] [qbx_core] [INFO] CrazyCasey (Citizen ID: BS36A6F5 ID: 2) has successfully loaded!
[    c-scripting-core] InvokeNative: execution failed: Tried to access invalid entity: 135980
[script:crazy-carrent] SCRIPT ERROR: Native invocation failed.
[script:crazy-carrent] > callbackResponse (@ox_lib/imports/callback/server.lua:101)
[script:crazy-carrent] > handler (@ox_lib/imports/callback/server.lua:122)
[script:crazy-carrent] 
[ script:ox_inventory] [ox_inventory] [INFO] Saving 2 inventories to the database
[ script:ox_inventory] [ox_inventory] [INFO] Saved 2/2 players (3.8879 ms)
[     script:qbx_core] [qbx_core] [INFO] Boogi3 has created a character (citizenid K16L8K8X)
[ script:ox_inventory] [ox_inventory] [INFO] Saving 1 inventories to the database
[ script:ox_inventory] [ox_inventory] [INFO] Saved 1/1 players (2.9146 ms)
║             TXADMIN║ txaReportResources 
[      script:monitor] [txAdmin] Sending resources list to txAdmin.
[ citizen-server-impl] server thread hitch warning: timer interval of 160 milliseconds
[     script:lb-phone] [INFO] You are running the latest version.
[     script:qbx_core] [qbx_core] [INFO] Boogi3 has created a character (citizenid R4LKU13O)
[     script:qbx_core] [qbx_core] [INFO] Boogi3 (Citizen ID: R4LKU13O ID: 1) has successfully loaded!
[ script:ox_inventory] [ox_inventory] [INFO] Saving 1 inventories to the database
[ script:ox_inventory] [ox_inventory] [INFO] Saved 1/1 players (1.9537 ms)
[script:qbx_chat_them] [qbx_chat_theme] hook intercepted plain message from 1: "id"
[script:qbx_chat_them] [qbx_chat_theme] hook intercepted plain message from 1: "addjob 1 redline"
[script:qbx_chat_them] [qbx_chat_theme] hook intercepted plain message from 1: "addjob 1 redline"
[script:qbx_chat_them] [qbx_chat_theme] hook intercepted plain message from 1: "addjob 1 redline 5"
[ script:ox_inventory] [ox_inventory] [INFO] Saving 1 inventories to the database
[ script:ox_inventory] [ox_inventory] [INFO] Saved 1/1 players (1.9030 ms)
[     script:qbx_core] [qbx_core] [INFO] Reek (Citizen ID: J407R62C ID: 4) has successfully loaded!
